date,river_level_max,rainfall,sunshine_duration,temperature_avg,wind_speed_avg,humidity_avg,condition,river_level_max_tomorrow
1/1/2017,89.467711,0,7.3,30,3,69,0,89.467711
1/2/2017,89.467711,21,0,26.3,2,86,0,84.98571429
1/3/2017,84.98571429,20.8,3.8,28,2,78,0,116.7777778
1/4/2017,116.7777778,0.6,0.5,28.4,1,76,0,85.5323741
1/5/2017,85.5323741,0.6,6.5,29.2,1,76,0,89.467711
1/6/2017,89.467711,0.6,6.6,28.5,2,70,0,89.467711
1/7/2017,89.467711,0.8,1,27.9,3,77,0,84.90277778
1/8/2017,84.90277778,0.6,7.6,28.6,2,62,0,89.467711
1/9/2017,89.467711,0,7.7,28.8,2,71,0,10
1/10/2017,10,0,8.8,28.3,1,79,0,89.467711
1/11/2017,89.467711,0.6,7.8,29.2,2,68,0,89.467711
1/12/2017,89.467711,20.3,0,27.4,4,74,0,89.467711
1/13/2017,89.467711,2.3,5.7,28.8,5,71,0,89.467711
1/14/2017,89.467711,0.6,0.7,27,5,76,0,89.467711
1/15/2017,89.467711,0.9,0.4,28,4,78,0,89.467711
1/16/2017,89.467711,0,0,26.4,4,86,0,89.467711
1/17/2017,89.467711,32.9,0.4,27.4,3,75,0,89.467711
1/18/2017,89.467711,0,2.6,29,4,70,0,89.467711
1/19/2017,89.467711,0.6,6.5,28.9,5,71,0,89.467711
1/20/2017,89.467711,0.6,6.6,29.3,4,69,0,89.467711
1/21/2017,89.467711,0.6,8.7,29,3,74,0,89.467711
1/22/2017,89.467711,0.6,7.2,28.4,3,77,0,89.467711
1/23/2017,89.467711,0,3.5,29,3,73,0,89.467711
1/24/2017,89.467711,0.6,6.4,28.3,3,78,0,89.467711
1/25/2017,89.467711,0,6.7,28.8,3,75,0,89.467711
1/26/2017,89.467711,12.3,3,27.5,3,84,0,89.467711
1/27/2017,89.467711,0.1,0.8,27.9,4,80,0,89.467711
1/28/2017,89.467711,6.7,6.6,27.4,3,82,0,89.467711
1/29/2017,89.467711,12.9,0,27.1,3,80,0,89.467711
1/30/2017,89.467711,13.7,0.7,27,2,85,0,89.467711
1/31/2017,89.467711,15.3,2.4,26.7,1,84,0,89.467711
2/1/2017,89.467711,0.6,9.1,30,4,67,0,89.467711
2/2/2017,89.467711,3.2,0.2,26.8,2,82,0,84.3046875
2/3/2017,84.3046875,0,6.1,28.3,1,79,0,126.3611111
2/4/2017,126.3611111,22.9,6.6,27.2,1,86,0,86.79136691
2/5/2017,86.79136691,0.3,7.2,28.9,1,76,0,89.467711
2/6/2017,89.467711,0.1,0,28.1,1,80,0,89.467711
2/7/2017,89.467711,0.6,8.4,29.1,3,71,0,86.5625
2/8/2017,86.5625,0,5.4,28.4,2,65,0,89.467711
2/9/2017,89.467711,0.6,7.2,28.6,2,67,0,10
2/10/2017,10,21,3.1,28.9,2,76,0,89.467711
2/11/2017,89.467711,0.6,6.3,29.8,1,70,0,89.467711
2/12/2017,89.467711,0.1,6.6,29.5,4,66,0,89.467711
2/13/2017,89.467711,25.1,2.4,27.6,3,83,0,89.467711
2/14/2017,89.467711,26.8,6.6,26.6,3,87,0,89.467711
2/15/2017,89.467711,34,3.2,26.8,3,85,0,89.467711
2/16/2017,89.467711,32.4,7.4,28,3,79,0,89.467711
2/17/2017,89.467711,148.6,5.7,27.2,1,83,0,89.467711
2/18/2017,89.467711,0.1,5.9,28.2,1,79,0,89.467711
2/19/2017,89.467711,21.4,3.1,26.9,2,88,0,89.467711
2/20/2017,89.467711,20.8,6.6,26.6,1,90,0,89.467711
2/21/2017,89.467711,115.9,6.6,26,2,87,0,89.467711
2/22/2017,89.467711,12.3,2.8,28,3,80,0,89.467711
2/23/2017,89.467711,20.5,8.8,27.9,2,78,0,89.467711
2/24/2017,89.467711,0.6,5.9,28.2,1,79,0,89.467711
2/25/2017,89.467711,0,6,28.5,1,76,0,89.467711
2/26/2017,89.467711,0.9,6.6,28.1,2,79,0,89.467711
2/27/2017,89.467711,2.7,9.3,28.5,3,78,0,84
2/28/2017,84,3.2,8.2,28,3,82,0,89.467711
3/1/2017,89.467711,0.6,9.2,30.1,3,70,0,89.467711
3/2/2017,89.467711,0.6,0.3,25.8,4,82,0,84.95833333
3/3/2017,84.95833333,0.3,8.1,28.4,2,79,0,107.1597222
3/4/2017,107.1597222,4.3,3.8,27.6,2,80,0,79.06338028
3/5/2017,79.06338028,0.1,4.3,29.8,1,75,0,89.467711
3/6/2017,89.467711,0.6,0,29.3,3,77,0,89.467711
3/7/2017,89.467711,0.6,6.9,29.5,2,75,0,91.67281106
3/8/2017,91.67281106,0.6,8.7,28.5,1,65,0,89.467711
3/9/2017,89.467711,0.6,8.6,29,2,66,0,10
3/10/2017,10,0.6,5.6,29,1,75,0,89.467711
3/11/2017,89.467711,0.6,9.5,30,2,70,0,10
3/12/2017,10,0,3.6,29.1,4,74,0,89.467711
3/13/2017,89.467711,0.6,5.5,29.3,1,72,0,89.467711
3/14/2017,89.467711,0,6.6,29,2,74,0,89.467711
3/15/2017,89.467711,3.6,3,29.2,2,70,0,89.467711
3/16/2017,89.467711,0,3.3,28.6,1,70,0,89.467711
3/17/2017,89.467711,0,6.9,29.3,2,72,0,89.467711
3/18/2017,89.467711,3.1,6.2,26.7,2,83,0,89.467711
3/19/2017,89.467711,9,1.4,27.9,2,78,0,89.467711
3/20/2017,89.467711,2,6.1,28.4,2,77,0,89.467711
3/21/2017,89.467711,3.8,1.7,28.6,1,79,0,89.467711
3/22/2017,89.467711,14.3,4.2,27.3,2,86,0,89.467711
3/23/2017,89.467711,24.4,1,26.1,2,87,0,89.467711
3/24/2017,89.467711,6.1,6.6,28.7,1,77,0,89.467711
3/25/2017,89.467711,0.6,9.5,28.9,1,78,0,89.467711
3/26/2017,89.467711,0,1.4,28.9,1,78,0,89.467711
3/27/2017,89.467711,4,2.5,28,1,77,0,89.467711
3/28/2017,89.467711,0.6,7.8,27.8,2,80,0,89.467711
3/29/2017,89.467711,7.6,8.5,28.8,2,76,0,89.467711
3/30/2017,89.467711,0.6,5.6,28.4,4,75,0,113
3/31/2017,113,7.6,7.9,27.3,2,80,0,89.467711
4/1/2017,89.467711,1.5,6.6,27.3,1,79,0,89.467711
4/2/2017,89.467711,25,2.4,27.7,5,78,0,86.53521127
4/3/2017,86.53521127,6.2,4.8,27.9,2,80,0,94.23611111
4/4/2017,94.23611111,0.1,6.4,28.4,2,78,0,78.98550725
4/5/2017,78.98550725,0,6.6,28.8,1,76,0,89.467711
4/6/2017,89.467711,0.6,4,29.2,1,74,0,89.467711
4/7/2017,89.467711,0.6,6.7,29.5,3,73,0,88.03225806
4/8/2017,88.03225806,0.6,8.8,28.2,2,65,0,89.467711
4/9/2017,89.467711,0,9.4,29.3,2,65,0,10
4/10/2017,10,0,6.6,28.9,2,75,0,89.467711
4/11/2017,89.467711,0.6,2.3,29.4,1,75,0,10
4/12/2017,10,0.6,7.2,29.5,5,71,0,89.467711
4/13/2017,89.467711,0.4,5.1,29,1,79,0,89.467711
4/14/2017,89.467711,0.1,5.2,28.3,1,80,0,89.467711
4/15/2017,89.467711,0.6,5.4,29.2,1,78,0,89.467711
4/16/2017,89.467711,19,6.6,28.7,1,80,0,89.467711
4/17/2017,89.467711,0.6,2.7,29.1,2,78,0,89.467711
4/18/2017,89.467711,0.6,5.9,29.5,2,76,0,89.467711
4/19/2017,89.467711,0,5.7,28.2,2,79,0,89.467711
4/20/2017,89.467711,0.6,6.6,29.2,2,75,0,89.467711
4/21/2017,89.467711,0.6,7.8,29.6,2,76,0,89.467711
4/22/2017,89.467711,13,4.2,28.6,2,82,0,89.467711
4/23/2017,89.467711,2.8,4.7,28.5,2,77,0,89.467711
4/24/2017,89.467711,0.6,1.1,29.5,2,76,0,89.467711
4/25/2017,89.467711,0,6.9,29.6,3,75,0,89.467711
4/26/2017,89.467711,0.6,7.9,28.7,1,75,0,89.467711
4/27/2017,89.467711,0.6,3.2,29.3,2,73,0,89.467711
4/28/2017,89.467711,0.2,6.4,29.4,3,71,0,89.467711
4/29/2017,89.467711,0.6,4.3,29.7,2,70,0,107
4/30/2017,107,0.6,6.9,29.7,2,70,0,89.467711
5/1/2017,89.467711,7.7,0,28.2,2,81,0,89.467711
5/2/2017,89.467711,0.1,4.3,28.6,4,75,0,83.77777778
5/3/2017,83.77777778,0,7.5,29,2,77,0,88.99305556
5/4/2017,88.99305556,0.6,7.7,29.1,5,71,0,83.5035461
5/5/2017,83.5035461,0.6,3.4,29.4,2,71,0,89.467711
5/6/2017,89.467711,0,6.3,29.6,2,74,0,89.467711
5/7/2017,89.467711,0.6,7.9,29.6,2,71,0,89.02816901
5/8/2017,89.02816901,0,8.3,28.7,2,70,0,89.467711
5/9/2017,89.467711,0.6,7.3,29.5,1,71,0,10
5/10/2017,10,0.6,8,30,2,74,0,89.467711
5/11/2017,89.467711,0.8,3.8,30.2,2,70,0,10
5/12/2017,10,0,7.2,30.1,4,66,0,91.82352941
5/13/2017,91.82352941,0,8.5,29.8,2,73,0,91.83333333
5/14/2017,91.83333333,44.3,7.4,28.9,1,80,0,89.467711
5/15/2017,89.467711,0.6,5.2,29.9,2,68,0,89.467711
5/16/2017,89.467711,0,7.1,30.5,3,71,0,89.467711
5/17/2017,89.467711,0.6,7.7,30.1,3,75,0,89.467711
5/18/2017,89.467711,0.6,5.4,30.2,2,72,0,89.467711
5/19/2017,89.467711,0,6.6,30.3,1,70,0,89.467711
5/20/2017,89.467711,0.6,6.2,29.8,1,72,0,89.467711
5/21/2017,89.467711,0.6,6.6,28.8,1,76,0,89.467711
5/22/2017,89.467711,0,0.9,30.1,2,71,0,89.467711
5/23/2017,89.467711,0.6,5.5,30,1,70,0,89.467711
5/24/2017,89.467711,0.6,6.1,29.8,3,68,0,89.467711
5/25/2017,89.467711,0,4.3,29.7,2,66,0,89.467711
5/26/2017,89.467711,0.6,5,29.6,1,70,0,89.467711
5/27/2017,89.467711,0.6,6.6,29.9,2,74,0,89.467711
5/28/2017,89.467711,0,2.7,29.4,1,75,0,93.8021978
5/29/2017,93.8021978,0.6,0,27.1,2,84,0,103.6643357
5/30/2017,103.6643357,3.5,0,27.8,3,82,0,106.3221477
5/31/2017,106.3221477,0,1.2,29.7,3,73,0,89.467711
6/1/2017,89.467711,82.9,3.6,28.2,2,84,0,89.467711
6/2/2017,89.467711,0.1,7.1,28.7,4,72,0,84.16666667
6/3/2017,84.16666667,26.5,9.2,28.2,3,82,0,86.44202899
6/4/2017,86.44202899,0.6,7.9,28.7,5,73,0,82.1884058
6/5/2017,82.1884058,4.6,6.3,28.3,1,78,0,89.467711
6/6/2017,89.467711,55,2.4,28.6,2,76,0,89.467711
6/7/2017,89.467711,0.6,3.6,28.5,1,68,0,82.46853147
6/8/2017,82.46853147,0.6,7.9,29,2,70,0,89.467711
6/9/2017,89.467711,0.6,1.1,29.5,4,67,0,89.467711
6/10/2017,89.467711,0.1,9.9,29.9,2,73,0,89.467711
6/11/2017,89.467711,5,7.8,29.4,2,77,0,10
6/12/2017,10,0.6,5.3,28.9,2,76,0,89.467711
6/13/2017,89.467711,0.6,7.7,30.1,2,73,0,89.467711
6/14/2017,89.467711,21.9,3.4,27.7,1,80,0,89.467711
6/15/2017,89.467711,0,2.2,29,2,76,0,89.467711
6/16/2017,89.467711,21.5,0.9,29,3,77,0,89.467711
6/17/2017,89.467711,0.6,7.9,29.1,2,77,0,89.467711
6/18/2017,89.467711,0.8,7.1,28.8,1,76,0,89.467711
6/19/2017,89.467711,0.6,7.1,29.1,2,65,0,89.467711
6/20/2017,89.467711,0.6,6.8,29.2,2,68,0,89.467711
6/21/2017,89.467711,0,7.9,29.2,2,72,0,89.467711
6/22/2017,89.467711,0.6,5.8,28.3,2,78,0,89.467711
6/23/2017,89.467711,0.1,0,28.2,2,79,0,89.467711
6/24/2017,89.467711,0,6.6,27.1,1,85,0,89.467711
6/25/2017,89.467711,0.2,0,27.6,3,78,0,89.467711
6/26/2017,89.467711,16.1,5.4,28,3,79,0,89.467711
6/27/2017,89.467711,11.5,3,27.3,2,81,0,89.467711
6/28/2017,89.467711,0.6,6.7,28.2,2,78,0,89.467711
6/29/2017,89.467711,0.6,9,28.3,2,78,0,89.467711
6/30/2017,89.467711,53.4,9,27,1,76,0,89.467711
7/1/2017,89.467711,0.6,6.1,28.8,2,76,0,89.467711
7/2/2017,89.467711,6.9,5,28.8,4,75,0,79.15277778
7/3/2017,79.15277778,22.7,4.9,27.9,2,81,0,82.08695652
7/4/2017,82.08695652,0.6,6.3,28.7,3,74,0,83.31386861
7/5/2017,83.31386861,0.3,4.8,28.6,1,77,0,89.467711
7/6/2017,89.467711,0.6,5.5,29.5,3,73,0,89.467711
7/7/2017,89.467711,0.6,2.5,29.1,1,72,0,89.75193798
7/8/2017,89.75193798,0,7.3,29.1,3,72,0,89.467711
7/9/2017,89.467711,0.6,7.7,29.1,3,69,0,89.467711
7/10/2017,89.467711,0.6,8.4,29.8,2,70,0,89.467711
7/11/2017,89.467711,0.8,9.6,27.9,2,82,0,10
7/12/2017,10,0.6,8.5,29.6,3,75,0,89.467711
7/13/2017,89.467711,0.6,0,28.2,1,75,0,89.467711
7/14/2017,89.467711,0.6,1.9,28.9,1,72,0,89.467711
7/15/2017,89.467711,0,0.5,29,1,67,0,89.467711
7/16/2017,89.467711,0.6,0,28.3,1,70,0,89.467711
7/17/2017,89.467711,0.6,0.9,28.4,1,63,0,89.467711
7/18/2017,89.467711,0,7.4,28,2,73,0,89.467711
7/19/2017,89.467711,0.1,0,28.4,2,75,0,89.467711
7/20/2017,89.467711,0.6,6.8,28.8,2,75,0,89.467711
7/21/2017,89.467711,14.5,7.4,28.4,1,79,0,89.467711
7/22/2017,89.467711,0.1,5.1,29.4,2,72,0,89.467711
7/23/2017,89.467711,0.6,6.9,28.9,1,74,0,89.467711
7/24/2017,89.467711,0,5,28.6,1,74,0,89.467711
7/25/2017,89.467711,0.6,6.6,28.6,3,67,0,89.467711
7/26/2017,89.467711,0.6,7.9,29.2,2,59,0,89.467711
7/27/2017,89.467711,0.6,7.5,28.7,2,67,0,89.467711
7/28/2017,89.467711,0.6,6.1,29,2,72,0,89.467711
7/29/2017,89.467711,0.6,6.6,29.4,2,75,0,89.467711
7/30/2017,89.467711,0,7.9,29.3,2,74,0,89
7/31/2017,89,0.6,9.4,29.4,2,74,0,89.467711
8/1/2017,89.467711,0,5.5,29.4,2,72,0,89.467711
8/2/2017,89.467711,0.6,3.9,28.2,3,74,0,75.4765625
8/3/2017,75.4765625,24.3,1.1,27.9,1,78,0,88.36111111
8/4/2017,88.36111111,3.5,6.6,27.8,4,77,0,83.94927536
8/5/2017,83.94927536,0.6,3.7,28.6,2,77,0,89.467711
8/6/2017,89.467711,0,7.9,29.4,3,73,0,89.467711
8/7/2017,89.467711,0.6,4.6,29.2,1,70,0,89.467711
8/8/2017,89.467711,0.6,8.9,29.2,2,67,0,89.467711
8/9/2017,89.467711,0.6,7.9,29.4,2,67,0,89.467711
8/10/2017,89.467711,0.1,7.7,29.6,1,69,0,89.467711
8/11/2017,89.467711,1.6,0,29.3,1,74,0,10
8/12/2017,10,0,10.5,29.4,2,72,0,89.467711
8/13/2017,89.467711,0.6,6,29.1,1,75,0,89.467711
8/14/2017,89.467711,0,1.8,29.1,1,74,0,89.467711
8/15/2017,89.467711,0.6,2.1,28.5,2,72,0,89.467711
8/16/2017,89.467711,0.6,0.9,28.4,2,60,0,89.467711
8/17/2017,89.467711,0.6,7.7,28.2,2,68,0,89.467711
8/18/2017,89.467711,0,3.3,29.3,4,63,0,89.467711
8/19/2017,89.467711,0.6,5,30,3,63,0,89.467711
8/20/2017,89.467711,0,5.3,28.7,2,69,0,89.467711
8/21/2017,89.467711,0.6,6.6,29.3,2,61,0,89.467711
8/22/2017,89.467711,0,6.7,28.6,1,67,0,89.467711
8/23/2017,89.467711,0.6,0,28.7,2,66,0,89.467711
8/24/2017,89.467711,0.6,4.6,29.7,2,61,0,89.467711
8/25/2017,89.467711,0.6,5.5,29.4,3,62,0,89.467711
8/26/2017,89.467711,0.6,3.4,28.8,4,60,0,89.467711
8/27/2017,89.467711,0,4.7,28.6,3,63,0,89.467711
8/28/2017,89.467711,0.6,5.5,29.4,3,60,0,89.467711
8/29/2017,89.467711,0.6,6.6,28.3,2,73,0,89.467711
8/30/2017,89.467711,1.9,0,27.7,2,75,0,89.467711
8/31/2017,89.467711,0,6.6,28.7,3,74,0,89.467711
9/1/2017,89.467711,0.6,9,27.5,1,80,0,89.467711
9/2/2017,89.467711,0.4,4.1,28,3,76,0,71.11290323
9/3/2017,71.11290323,0.6,6.3,28.5,1,77,0,85.75
9/4/2017,85.75,0.6,4.3,29,2,74,0,80.04511278
9/5/2017,80.04511278,0.6,5,29,3,76,0,89.467711
9/6/2017,89.467711,0.6,8.9,29.6,2,74,0,89.467711
9/7/2017,89.467711,0,0,29.3,2,72,0,89.467711
9/8/2017,89.467711,0.6,8.8,28.8,1,71,0,89.467711
9/9/2017,89.467711,0.6,10,29.3,2,73,0,89.467711
9/10/2017,89.467711,0,5.2,29.9,1,71,0,89.467711
9/11/2017,89.467711,0.6,4.7,29.2,2,76,0,10
9/12/2017,10,18.6,8.4,28.9,4,77,0,89.467711
9/13/2017,89.467711,0.6,6.4,28.4,1,66,0,89.467711
9/14/2017,89.467711,0.6,7.9,28.7,2,71,0,89.467711
9/15/2017,89.467711,0.6,6.6,29.5,1,71,0,89.467711
9/16/2017,89.467711,0,10.1,30.5,3,62,0,89.467711
9/17/2017,89.467711,0.6,10,29.4,3,69,0,89.467711
9/18/2017,89.467711,0.6,6.6,29.4,2,66,0,89.467711
9/19/2017,89.467711,0.6,10.4,29.6,2,70,0,89.467711
9/20/2017,89.467711,0.6,8.7,29.3,2,69,0,89.467711
9/21/2017,89.467711,4.1,7.5,28,2,74,0,89.467711
9/22/2017,89.467711,0.6,10.1,28.5,2,69,0,89.467711
9/23/2017,89.467711,0.6,10.3,29.7,1,65,0,89.467711
9/24/2017,89.467711,0,9.3,28.5,1,72,0,89.467711
9/25/2017,89.467711,0.1,6.6,29.4,2,70,0,89.467711
9/26/2017,89.467711,0,7.7,30,3,70,0,89.467711
9/27/2017,89.467711,17,6.6,25.6,1,92,0,89.467711
9/28/2017,89.467711,43.2,0,27.9,1,80,0,89.467711
9/29/2017,89.467711,3.4,5.9,29.5,2,76,0,10
9/30/2017,10,4.4,8.2,29.7,2,72,0,89.467711
10/1/2017,89.467711,74.4,1.8,27.8,2,82,0,89.467711
10/2/2017,89.467711,39.9,0.3,26.4,3,89,0,89.467711
10/3/2017,89.467711,0.6,8.9,29,2,75,0,89.467711
10/4/2017,89.467711,0,5.6,29.4,2,73,0,95.51824818
10/5/2017,95.51824818,0.6,6.3,29.2,3,72,0,89.467711
10/6/2017,89.467711,0,8.7,29.4,2,77,0,89.467711
10/7/2017,89.467711,0.6,6.9,28.3,1,77,0,89.467711
10/8/2017,89.467711,0,2.8,28.7,1,72,0,89.467711
10/9/2017,89.467711,0.6,10,29.8,1,68,0,89.467711
10/10/2017,89.467711,0,4.7,29.1,1,76,0,89.467711
10/11/2017,89.467711,32.1,3.7,28.5,1,74,0,10
10/12/2017,10,0.4,6.5,29.5,3,73,0,89.467711
10/13/2017,89.467711,0.6,3.8,29.7,2,68,0,89.467711
10/14/2017,89.467711,0,10,30.2,2,69,0,89.467711
10/15/2017,89.467711,1.2,7.2,29.8,2,68,0,89.467711
10/16/2017,89.467711,0,6.8,29.3,1,72,0,89.467711
10/17/2017,89.467711,1.8,2.5,29,3,68,0,89.467711
10/18/2017,89.467711,0.6,3.7,29.2,1,77,0,89.467711
10/19/2017,89.467711,6.3,5.3,27.9,1,81,0,89.467711
10/20/2017,89.467711,2.7,3.6,29.2,1,77,0,89.467711
10/21/2017,89.467711,0.6,9.3,30.5,1,72,0,89.467711
10/22/2017,89.467711,2.6,7.6,30.7,2,70,0,89.467711
10/23/2017,89.467711,0.6,10,27.7,2,73,0,89.467711
10/24/2017,89.467711,23.3,6,28.5,1,80,0,89.467711
10/25/2017,89.467711,0.6,6.6,29.7,1,71,0,89.467711
10/26/2017,89.467711,0,6.6,30.4,2,68,0,89.467711
10/27/2017,89.467711,0.6,4.9,29.8,1,67,0,89.467711
10/28/2017,89.467711,0.6,6.6,28.6,1,79,0,89.467711
10/29/2017,89.467711,10.2,0.7,28.9,1,80,0,89.467711
10/30/2017,89.467711,0.6,3.6,29.9,2,72,0,89.467711
10/31/2017,89.467711,0,11.6,30.5,2,66,0,89.467711
11/1/2017,89.467711,5,3.9,27.7,2,85,0,89.467711
11/2/2017,89.467711,15.4,0,26.1,3,89,0,89.467711
11/3/2017,89.467711,0.6,7.3,28.5,2,72,0,89.467711
11/4/2017,89.467711,8.5,7,29,2,78,0,95.11888112
11/5/2017,95.11888112,0.6,0,28.6,1,71,0,89.467711
11/6/2017,89.467711,0.1,5.3,29.1,1,76,0,89.467711
11/7/2017,89.467711,19.8,3.4,28.2,2,75,0,89.467711
11/8/2017,89.467711,0.6,7.1,28.9,2,72,0,89.467711
11/9/2017,89.467711,2.5,9.4,29.1,1,77,0,89.467711
11/10/2017,89.467711,0.6,0,29.7,2,74,0,89.467711
11/11/2017,89.467711,0,9.6,29.3,2,71,0,89.467711
11/12/2017,89.467711,0.2,2.7,27.6,2,81,0,89.467711
11/13/2017,89.467711,0,5.3,28.6,1,78,0,89.467711
11/14/2017,89.467711,39.1,1.1,29,2,79,0,89.467711
11/15/2017,89.467711,17.8,3.8,27.9,1,82,0,89.467711
11/16/2017,89.467711,0.6,0.9,27.8,2,79,0,89.467711
11/17/2017,89.467711,4.7,1.5,28.1,1,81,0,89.467711
11/18/2017,89.467711,3.2,7.7,28.8,1,77,0,89.467711
11/19/2017,89.467711,0.6,4.9,27.1,1,84,0,89.467711
11/20/2017,89.467711,14.1,0,30.3,2,70,0,10
11/21/2017,10,0.6,4,29.1,1,68,0,10
11/22/2017,10,0.6,1.1,29.4,2,74,0,10
11/23/2017,10,0.6,6,29.9,3,74,0,10
11/24/2017,10,0.6,6.4,30.6,4,63,0,10
11/25/2017,10,0.6,6.3,29.8,5,70,0,10
11/26/2017,10,0.2,4.3,27.3,4,83,0,10
11/27/2017,10,0.6,1.3,27.1,4,82,0,89.467711
11/28/2017,89.467711,1.3,0,27.4,5,78,0,89.467711
11/29/2017,89.467711,0.1,1.8,28.8,2,73,0,89.467711
11/30/2017,89.467711,7.7,3,26.9,6,84,0,89.467711
12/1/2017,89.467711,4.7,0.9,27.9,4,81,0,89.467711
12/2/2017,89.467711,44.5,0,28.1,3,78,0,89.467711
12/3/2017,89.467711,0,8.7,29,2,73,0,89.467711
12/4/2017,89.467711,41.5,6.1,28.5,1,75,0,87.6031746
12/5/2017,87.6031746,0,0,29.4,2,73,0,89.467711
12/6/2017,89.467711,0,2.7,29.5,2,76,0,89.467711
12/7/2017,89.467711,0.6,3.4,28.1,1,78,0,89.467711
12/8/2017,89.467711,0,5.8,29,2,74,0,89.467711
12/9/2017,89.467711,0.6,0.9,29.7,1,72,0,89.467711
12/10/2017,89.467711,0.6,4.9,29.9,1,71,0,89.467711
12/11/2017,89.467711,0.6,7.7,29.2,2,74,0,89.467711
12/12/2017,89.467711,48.1,0.5,27.5,2,84,0,89.467711
12/13/2017,89.467711,16,0.3,27.3,2,80,0,89.467711
12/14/2017,89.467711,0.6,6.6,27.4,2,80,0,89.467711
12/15/2017,89.467711,0,0,28.5,2,74,0,89.467711
12/16/2017,89.467711,0.6,5.2,27.3,1,83,0,89.467711
12/17/2017,89.467711,0.6,0.9,26.9,3,79,0,89.467711
12/18/2017,89.467711,13.6,0.6,27.9,2,79,0,89.467711
12/19/2017,89.467711,44.8,5.4,27.2,2,87,0,89.467711
12/20/2017,89.467711,28.6,6.6,27.5,2,82,0,89.467711
12/21/2017,89.467711,9,0,27,3,84,0,89.467711
12/22/2017,89.467711,3.6,0.3,28.1,3,78,0,89.467711
12/23/2017,89.467711,0.6,5.4,28.6,2,68,0,89.467711
12/24/2017,89.467711,0.6,6.6,29.7,4,65,0,89.467711
12/25/2017,89.467711,0,7.1,29,4,70,0,89.467711
12/26/2017,89.467711,0.6,9.2,28.5,3,76,0,89.467711
12/27/2017,89.467711,0,7.1,28.7,3,78,0,89.467711
12/28/2017,89.467711,0.6,6.6,28.5,2,76,0,89.467711
12/29/2017,89.467711,0,2.6,28.3,1,76,0,89.467711
12/30/2017,89.467711,0,3,28.9,2,80,0,89.467711
12/31/2017,89.467711,0.6,2,28.4,2,80,0,10
1/1/2018,10,34.2,7.3,29,4,77,0,10
1/2/2018,10,12,4.5,28,2,82,0,10
1/3/2018,10,2,2,28.3,0,84,0,10
1/4/2018,10,0.6,9,29.5,2,75,0,10
1/5/2018,10,0.6,8.6,29.7,2,69,0,10
1/6/2018,10,12.2,8.8,29.3,2,73,0,119
1/7/2018,119,0.6,6.7,28.2,2,73,0,105
1/8/2018,105,0.6,7.9,28.3,2,74,0,10
1/9/2018,10,9.5,9.4,27,2,80,0,296
1/10/2018,296,0,9.4,29.9,2,70,3,144
1/11/2018,144,0.6,6.6,30,2,70,1,883
1/12/2018,883,0.1,2,28.7,1,79,3,10
1/13/2018,10,0.6,3.2,28.7,4,70,0,10
1/14/2018,10,5.8,3.1,27,3,79,0,11
1/15/2018,11,8,1.5,26,3,82,0,10
1/16/2018,10,25.3,2.8,27.3,4,74,0,10
1/17/2018,10,0.6,4.6,28,3,75,0,11
1/18/2018,11,0,1.5,25.6,1,92,0,10
1/19/2018,10,66.3,0,27,4,80,0,11
1/20/2018,11,9.9,0.4,26.6,4,82,0,10
1/21/2018,10,5.5,3,28.3,4,74,0,11
1/22/2018,11,0,2.4,27.2,4,80,0,11
1/23/2018,11,0.6,6.6,28.8,2,76,0,11
1/24/2018,11,15.1,7.8,28.2,3,76,0,52
1/25/2018,52,0,3.9,27.1,4,76,0,86
1/26/2018,86,0.6,0,28.2,4,71,0,80
1/27/2018,80,2.6,2.9,28.3,3,73,0,103
1/28/2018,103,3,1.9,26.7,4,80,0,102
1/29/2018,102,4.9,1.5,27.3,4,80,0,104
1/30/2018,104,4.2,4.5,27.7,4,78,0,121
1/31/2018,121,0.6,4,28.1,2,80,0,113
2/1/2018,113,0,6.6,29.6,2,72,0,37
2/2/2018,37,1.3,4.5,28.8,2,79,0,88
2/3/2018,88,0.8,3.4,28.3,1,79,0,47
2/4/2018,47,0.6,8.4,29.1,2,77,0,80
2/5/2018,80,0.6,8.7,29,1,72,0,20
2/6/2018,20,0,8.8,29.2,2,75,0,113
2/7/2018,113,0,6.2,28.3,2,73,0,95
2/8/2018,95,0,5.8,27.9,1,70,0,13
2/9/2018,13,0.6,4.8,28.4,2,76,0,10
2/10/2018,10,0.6,9.7,29.3,2,75,0,158
2/11/2018,158,16.6,9.2,29,2,76,1,852
2/12/2018,852,0.6,0,29.3,1,75,3,15
2/13/2018,15,0,6.2,28.5,2,75,0,89.467711
2/14/2018,89.467711,9.6,3.4,27.3,2,81,0,89.467711
2/15/2018,89.467711,9.9,6.6,26.1,2,87,0,89.467711
2/16/2018,89.467711,100.5,0,27.4,2,85,0,89.467711
2/17/2018,89.467711,0.6,8.2,27.2,2,83,0,89.467711
2/18/2018,89.467711,7.8,1.9,27.4,1,82,0,89.467711
2/19/2018,89.467711,2,8.5,28,1,83,0,89.467711
2/20/2018,89.467711,4,5.1,27.8,2,84,0,89.467711
2/21/2018,89.467711,45.1,7.9,27.9,2,84,0,89.467711
2/22/2018,89.467711,8.2,8,27.4,1,85,0,89.467711
2/23/2018,89.467711,0.6,1,28.1,2,81,0,89.467711
2/24/2018,89.467711,0.6,5,28.2,2,75,0,89.467711
2/25/2018,89.467711,7,9.5,28.2,1,80,0,89.467711
2/26/2018,89.467711,35.7,8.6,27.2,1,85,0,89.467711
2/27/2018,89.467711,31.5,4,27.8,2,83,0,13
2/28/2018,13,21.5,6.3,26.6,1,87,0,89.467711
3/1/2018,89.467711,0.6,7.9,28.9,1,75,0,89.467711
3/2/2018,89.467711,56.5,7.3,28.1,2,81,0,89.467711
3/3/2018,89.467711,0.6,6.6,29.2,2,81,0,83
3/4/2018,83,2,7,28.6,2,79,0,89.467711
3/5/2018,89.467711,0.6,8.6,29,1,75,0,100
3/6/2018,100,0,7.1,29.3,2,78,0,108
3/7/2018,108,0.6,6.6,28.5,1,75,0,93
3/8/2018,93,0.6,8.2,27.8,2,63,0,89.467711
3/9/2018,89.467711,5.2,8.5,28.6,2,75,0,89.467711
3/10/2018,89.467711,0.6,10,29.7,2,73,0,153
3/11/2018,153,0,4.8,28.7,1,76,1,886
3/12/2018,886,0.6,3.3,28.2,1,83,3,43
3/13/2018,43,0.3,3.3,27.9,2,81,0,29
3/14/2018,29,0.6,0.3,28.4,2,79,0,44
3/15/2018,44,0.6,7.6,29.1,2,79,0,38
3/16/2018,38,0.6,6.6,29.5,1,73,0,69
3/17/2018,69,1.2,7.4,27.1,1,85,0,41
3/18/2018,41,8.8,6.6,27.6,2,83,0,19
3/19/2018,19,48.5,7.7,28.1,2,82,0,12
3/20/2018,12,0,8.7,28.1,2,79,0,65
3/21/2018,65,0.6,8.3,27.8,5,74,0,127
3/22/2018,127,0.6,6.6,27.9,2,75,0,85
3/23/2018,85,3.8,6,28.4,1,78,0,96
3/24/2018,96,0.6,6.8,27.5,3,77,0,83
3/25/2018,83,0.6,6.6,28.5,1,74,0,94
3/26/2018,94,6.7,2.8,27.7,3,82,0,145
3/27/2018,145,0.6,5.2,27.1,1,84,1,110
3/28/2018,110,129.6,6.6,27.8,1,81,0,93
3/29/2018,93,0.6,7,28.9,1,74,0,87
3/30/2018,87,1.5,9.8,29,3,74,0,72
3/31/2018,72,0,9.5,29.3,3,78,0,89.467711
4/1/2018,89.467711,0.1,7.7,29.8,3,72,0,89.467711
4/2/2018,89.467711,22.5,3,27.7,3,85,0,89.467711
4/3/2018,89.467711,0,1.9,29.3,1,76,0,244
4/4/2018,244,69.3,8.7,27.8,1,80,2,89.467711
4/5/2018,89.467711,0,7.8,29.7,2,73,0,100
4/6/2018,100,0.6,6.6,28.8,2,76,0,103
4/7/2018,103,0.6,6.8,28.6,1,69,0,96
4/8/2018,96,0.6,8.1,27.1,1,65,0,89.467711
4/9/2018,89.467711,0.6,8.3,28.5,2,64,0,89.467711
4/10/2018,89.467711,0.6,6.6,28.8,2,76,0,201
4/11/2018,201,0.6,2,29.5,1,75,2,868
4/12/2018,868,3,0.9,28.2,1,79,3,85
4/13/2018,85,0.6,6.1,29.7,2,77,0,86
4/14/2018,86,0.6,9,29.5,1,81,0,89
4/15/2018,89,0,8.2,30.1,1,77,0,94
4/16/2018,94,0.6,5.4,29.7,1,76,0,99
4/17/2018,99,0.6,6.6,29.4,1,77,0,119
4/18/2018,119,0.6,6.2,29.6,1,74,0,130
4/19/2018,130,0,7.1,29.8,1,77,0,124
4/20/2018,124,0.6,5.1,29.8,1,76,0,105
4/21/2018,105,0.6,7.6,29.7,1,76,0,100
4/22/2018,100,0.6,4.7,29.7,2,74,0,137
4/23/2018,137,29,6.8,26.6,1,90,0,108
4/24/2018,108,21.1,0,27.7,1,85,0,104
4/25/2018,104,1,0.6,25.7,2,94,0,89
4/26/2018,89,6.1,6.6,26.8,2,88,0,103
4/27/2018,103,1.7,3.8,29.1,3,75,0,144
4/28/2018,144,0.2,8.7,29.3,1,76,1,144
4/29/2018,144,50.2,8,29.1,2,80,1,107
4/30/2018,107,0.6,7.5,29.2,2,73,0,89.467711
5/1/2018,89.467711,0.6,6,29.2,4,64,0,89.467711
5/2/2018,89.467711,38.9,1.2,26.4,2,84,0,13
5/3/2018,13,5,5.3,27.4,1,82,0,104
5/4/2018,104,0.6,6.6,29.3,1,75,0,89.467711
5/5/2018,89.467711,0.6,6.5,29.9,2,71,0,95
5/6/2018,95,0.6,8,29.2,2,80,0,91
5/7/2018,91,0.6,4.6,28.7,2,64,0,99
5/8/2018,99,0.6,8.2,28.3,2,68,0,89.467711
5/9/2018,89.467711,0.6,6,28.4,2,67,0,89.467711
5/10/2018,89.467711,0,9,29.9,3,71,0,306
5/11/2018,306,0.6,5.9,29.7,2,77,3,1169
5/12/2018,1169,0.1,6.6,28.4,2,80,3,89.467711
5/13/2018,89.467711,0,9.6,30.3,2,71,0,89.467711
5/14/2018,89.467711,0,7.8,30.6,2,66,0,89.467711
5/15/2018,89.467711,0.6,8.5,29.2,2,73,0,89.467711
5/16/2018,89.467711,0.6,6.6,29.9,2,75,0,89.467711
5/17/2018,89.467711,4,6.6,28.5,1,82,0,89.467711
5/18/2018,89.467711,0.1,1.5,28.7,1,79,0,89.467711
5/19/2018,89.467711,7.3,6.8,28.6,2,81,0,89.467711
5/20/2018,89.467711,0.6,6.5,28.8,2,77,0,89.467711
5/21/2018,89.467711,0.6,5.5,29.1,2,77,0,89.467711
5/22/2018,89.467711,0.6,6.6,29.9,3,73,0,89.467711
5/23/2018,89.467711,0.3,8,28.1,2,82,0,89.467711
5/24/2018,89.467711,14.7,1.2,28.8,2,79,0,89.467711
5/25/2018,89.467711,7,6.8,27.8,2,83,0,89.467711
5/26/2018,89.467711,0.6,6.6,28.8,2,76,0,89.467711
5/27/2018,89.467711,0.6,6.6,28.8,2,76,0,89.467711
5/28/2018,89.467711,0,6.6,29.6,2,77,0,89.467711
5/29/2018,89.467711,0,5.8,29.3,2,76,0,89.467711
5/30/2018,89.467711,0.6,8.2,28.8,2,76,0,89.467711
5/31/2018,89.467711,0.1,8.6,29.6,1,75,0,89.467711
6/1/2018,89.467711,0.6,2.3,29.1,4,68,0,89.467711
6/2/2018,89.467711,27.6,0,26.6,1,85,0,12
6/3/2018,12,0,4.1,28.2,1,81,0,95
6/4/2018,95,0.6,6.6,29,1,78,0,89.467711
6/5/2018,89.467711,0.6,8.7,29.9,2,69,0,90
6/6/2018,90,0.6,7.5,29.3,2,81,0,86
6/7/2018,86,0.6,6.6,28.8,2,76,0,105
6/8/2018,105,0.6,8.2,27.1,1,64,0,89.467711
6/9/2018,89.467711,0.6,6.6,29.5,2,73,0,89.467711
6/10/2018,89.467711,0.6,8.9,29.9,3,69,0,258
6/11/2018,258,0.6,0.1,30.1,1,72,3,1076
6/12/2018,1076,0.1,6.6,28.3,2,79,3,126
6/13/2018,126,0.6,5.3,28.8,2,76,0,126
6/14/2018,126,0.6,6.6,28.8,2,76,0,124
6/15/2018,124,0,8.9,28.8,0,76,0,117
6/16/2018,117,6.8,6,29,3,74,0,124
6/17/2018,124,0.6,8.9,29.8,3,68,0,123
6/18/2018,123,0.6,6.6,28.8,3,76,0,97
6/19/2018,97,0,9.2,28.7,3,69,0,99
6/20/2018,99,0.6,9.1,30,4,67,0,105
6/21/2018,105,0.6,3.9,28.8,2,76,0,118
6/22/2018,118,0.6,3.2,29.1,4,75,0,109
6/23/2018,109,0,6,29.4,2,72,0,119
6/24/2018,119,0.6,7.8,28.5,2,74,0,107
6/25/2018,107,4,2.3,24.9,1,89,0,111
6/26/2018,111,2.5,0,28.8,1,76,0,112
6/27/2018,112,6.8,0.6,27.5,2,77,0,105
6/28/2018,105,0,4.1,27.5,2,80,0,116
6/29/2018,116,0.6,2.8,27.6,2,79,0,119
6/30/2018,119,3,5.7,28.3,1,76,0,89.467711
7/1/2018,89.467711,0.1,1.4,28.4,2,77,0,89.467711
7/2/2018,89.467711,12.4,3.1,26.9,2,83,0,117
7/3/2018,117,0.6,2.4,27.9,2,81,0,92
7/4/2018,92,0.6,8.9,29.5,3,74,0,89.467711
7/5/2018,89.467711,0.6,6.6,30.6,2,66,0,94
7/6/2018,94,0,7.7,29.5,2,77,0,95
7/7/2018,95,0.6,6.6,28.8,2,76,0,114
7/8/2018,114,0.6,8.1,27.9,2,65,0,89.467711
7/9/2018,89.467711,0.6,7.6,29.4,2,67,0,89.467711
7/10/2018,89.467711,0.6,9.1,28.8,4,76,0,279
7/11/2018,279,0,8.6,29.2,1,74,3,1292
7/12/2018,1292,0.6,7.6,29.4,2,75,3,125
7/13/2018,125,0.6,6.6,28.1,1,65,0,116
7/14/2018,116,0.6,7.3,28.8,1,76,0,116
7/15/2018,116,0.6,7.5,27.8,1,65,0,113
7/16/2018,113,0.6,6.6,27.7,2,63,0,101
7/17/2018,101,0.6,7.8,28.2,1,65,0,96
7/18/2018,96,0.6,6,28,1,73,0,96
7/19/2018,96,0.6,8.1,28.3,2,75,0,106
7/20/2018,106,0.6,7.5,28.9,3,71,0,109
7/21/2018,109,0.6,6.6,28.8,2,76,0,102
7/22/2018,102,0,6.7,29.1,2,73,0,105
7/23/2018,105,0.1,6.1,28.9,1,72,0,105
7/24/2018,105,0.6,6.7,28.8,2,76,0,101
7/25/2018,101,0.6,7.8,28.9,2,74,0,103
7/26/2018,103,0.6,8.1,28.8,3,75,0,100
7/27/2018,100,0.6,7.5,28.8,2,66,0,137
7/28/2018,137,0.6,8.4,27.7,2,66,0,131
7/29/2018,131,0.6,8.4,27.7,0,69,0,104
7/30/2018,104,0.6,7.1,27.4,1,79,0,108
7/31/2018,108,0.6,6.6,28.3,2,73,0,89.467711
8/1/2018,89.467711,0,0,29,2,76,0,89.467711
8/2/2018,89.467711,0.1,0.9,26.9,2,85,0,54
8/3/2018,54,14.3,7,27.4,1,85,0,94
8/4/2018,94,0,9,28.5,2,77,0,89.467711
8/5/2018,89.467711,0,8.7,29.5,3,72,0,100
8/6/2018,100,0.6,7.3,28.8,1,76,0,107
8/7/2018,107,0,8.9,28.7,3,66,0,125
8/8/2018,125,0.6,0.6,27.8,2,68,0,89.467711
8/9/2018,89.467711,0.6,6.6,29.2,1,71,0,89.467711
8/10/2018,89.467711,0.6,7.9,29.6,3,67,0,246
8/11/2018,246,0.2,2.5,28.6,2,81,2,310
8/12/2018,310,0.6,5,29.6,1,78,3,151
8/13/2018,151,0.6,7.9,29.4,2,72,1,148
8/14/2018,148,0.6,7.9,28.8,2,75,1,139
8/15/2018,139,0.6,8.2,29.4,2,67,0,89.467711
8/16/2018,89.467711,0.6,7.8,28.4,2,70,0,89.467711
8/17/2018,89.467711,0.6,6.9,27.9,2,71,0,89.467711
8/18/2018,89.467711,0.6,6.6,27.6,2,65,0,89.467711
8/19/2018,89.467711,0.6,6.6,28.8,2,76,0,89.467711
8/20/2018,89.467711,0.6,8.3,28.5,2,68,0,89.467711
8/21/2018,89.467711,0.6,8.4,28.5,3,72,0,89.467711
8/22/2018,89.467711,0.6,8.3,28.8,2,76,0,89.467711
8/23/2018,89.467711,0.6,6.6,28.8,2,76,0,89.467711
8/24/2018,89.467711,0.6,6.6,28.8,2,76,0,89.467711
8/25/2018,89.467711,0.6,8.2,28.6,2,67,0,89.467711
8/26/2018,89.467711,0,7.8,28.6,3,69,0,89.467711
8/27/2018,89.467711,0.6,6.6,28.8,2,76,0,89.467711
8/28/2018,89.467711,0.6,8.5,28.8,1,76,0,89.467711
8/29/2018,89.467711,0.6,7.6,28.5,1,72,0,89.467711
8/30/2018,89.467711,0.6,6.6,28.8,2,76,0,89.467711
8/31/2018,89.467711,0,8.7,28.9,2,72,0,89.467711
9/1/2018,89.467711,0,3.7,28.2,1,78,0,89.467711
9/2/2018,89.467711,20,3.6,27.3,3,84,0,40
9/3/2018,40,2.6,3.4,28.3,2,80,0,99
9/4/2018,99,0,6.4,27.9,1,79,0,89.467711
9/5/2018,89.467711,0,8.9,30.2,3,69,0,100
9/6/2018,100,0,6,28.8,2,76,0,110
9/7/2018,110,0.6,6.6,28.8,2,76,0,125
9/8/2018,125,0.6,6.6,28.3,2,72,0,89.467711
9/9/2018,89.467711,0.6,6.6,29.4,2,66,0,89.467711
9/10/2018,89.467711,0.6,7.9,30,2,63,0,358
9/11/2018,358,7.8,0,27.9,1,86,3,89.467711
9/12/2018,89.467711,0.6,6.6,29,2,79,0,89.467711
9/13/2018,89.467711,0.6,9.3,28.4,1,69,0,89.467711
9/14/2018,89.467711,0.6,7.3,28.2,1,67,0,89.467711
9/15/2018,89.467711,0,8.6,28.6,2,69,0,89.467711
9/16/2018,89.467711,0.6,6.6,29.4,3,59,0,89.467711
9/17/2018,89.467711,0.6,6.8,29.7,2,58,0,89.467711
9/18/2018,89.467711,0.6,10.1,29.8,3,61,0,89.467711
9/19/2018,89.467711,0.6,10.2,29.2,2,67,0,89.467711
9/20/2018,89.467711,0.1,0.6,28.5,2,73,0,89.467711
9/21/2018,89.467711,0.6,6.6,27.7,2,80,0,89.467711
9/22/2018,89.467711,15,0,28.1,2,75,0,89.467711
9/23/2018,89.467711,0.6,10.1,29.3,1,73,0,211
9/24/2018,211,0.6,8.1,28.4,1,72,2,263
9/25/2018,263,0,9.9,28.8,2,70,3,289
9/26/2018,289,0.6,0.9,29.2,2,71,3,298
9/27/2018,298,0.6,9,29.6,2,74,3,250
9/28/2018,250,0.6,9.4,29,2,79,3,255
9/29/2018,255,0,10.1,28.7,1,66,3,241
9/30/2018,241,0.6,9.5,29.3,2,68,2,89.467711
10/1/2018,89.467711,0.5,3.6,28.5,3,75,0,89.467711
10/2/2018,89.467711,13.5,5.7,27.7,3,78,0,55
10/3/2018,55,1.9,5.6,28.4,2,80,0,82
10/4/2018,82,0.6,7.9,29.9,1,69,0,89.467711
10/5/2018,89.467711,0.6,8.8,30,3,66,0,103
10/6/2018,103,0,8.5,29.8,2,73,0,89
10/7/2018,89,0.6,8,28.9,1,71,0,141
10/8/2018,141,0.6,7.4,28.6,1,72,1,89.467711
10/9/2018,89.467711,0.6,8.7,29.4,2,65,0,89.467711
10/10/2018,89.467711,0.6,8.2,29.7,2,67,0,116
10/11/2018,116,1.9,2.7,28.8,2,77,0,89.467711
10/12/2018,89.467711,0,2.4,29.5,1,79,0,89.467711
10/13/2018,89.467711,0.6,8.7,29.9,1,68,0,89.467711
10/14/2018,89.467711,0.6,5.7,29.6,3,70,0,163
10/15/2018,163,0.6,5.7,30.2,2,72,1,184
10/16/2018,184,0.6,7.5,29.7,2,75,1,327
10/17/2018,327,0.6,8.8,28.8,2,76,3,276
10/18/2018,276,0.6,6.6,28.8,2,76,3,348
10/19/2018,348,0.6,8.1,29.5,2,70,3,294
10/20/2018,294,3.7,5.7,29.7,1,72,3,243
10/21/2018,243,0.6,8.4,30,3,70,2,291
10/22/2018,291,0.6,6.6,28.8,2,76,3,93
10/23/2018,93,0.8,9.3,27.7,1,79,0,105
10/24/2018,105,4.2,3.5,29.3,2,73,0,123
10/25/2018,123,0.6,9,29.7,3,72,0,135
10/26/2018,135,0.6,6.6,28.8,2,76,0,143
10/27/2018,143,4.9,9.3,29.1,1,80,1,200
10/28/2018,200,0.1,3,29.4,2,75,2,218
10/29/2018,218,54.1,5.7,28.7,2,80,2,169
10/30/2018,169,0.6,7.1,29,2,78,1,152
10/31/2018,152,0.6,1,29.7,2,68,1,89.467711
11/1/2018,89.467711,1.3,6.1,28.4,4,74,0,89.467711
11/2/2018,89.467711,7.5,9.5,27.4,2,85,0,45
11/3/2018,45,0.5,5.9,28,3,84,0,92
11/4/2018,92,0.6,6.6,29.7,3,71,0,89.467711
11/5/2018,89.467711,0.6,8.9,29.8,2,69,0,116
11/6/2018,116,0.6,6.6,28.8,2,76,0,89.467711
11/7/2018,89.467711,0.6,6.6,28.9,2,70,0,125
11/8/2018,125,46,7.2,28,2,73,0,89.467711
11/9/2018,89.467711,0.6,10,29.7,2,63,0,120
11/10/2018,120,0.6,8,29.7,2,71,0,89.467711
11/11/2018,89.467711,0.6,6.3,28.8,1,78,0,89.467711
11/12/2018,89.467711,0.1,2.9,29.2,1,77,0,89.467711
11/13/2018,89.467711,0.6,2.3,29.5,2,73,0,89.467711
11/14/2018,89.467711,0,3.6,29.8,4,68,0,89.467711
11/15/2018,89.467711,0.6,3,29.6,2,70,0,89.467711
11/16/2018,89.467711,26.5,6.5,28.8,2,76,0,89.467711
11/17/2018,89.467711,0.6,9.1,30.3,1,68,0,89.467711
11/18/2018,89.467711,0.6,8.6,29.7,1,72,0,89.467711
11/19/2018,89.467711,0,2,29.5,1,76,0,89.467711
11/20/2018,89.467711,0.6,6,29.9,1,73,0,89.467711
11/21/2018,89.467711,0.6,8,29.7,2,75,0,89.467711
11/22/2018,89.467711,0.1,7.6,29,1,77,0,89.467711
11/23/2018,89.467711,28.5,8,27.8,2,82,0,89.467711
11/24/2018,89.467711,39.8,7.4,29,2,77,0,89.467711
11/25/2018,89.467711,0.6,5.9,28.4,2,78,0,89.467711
11/26/2018,89.467711,0.6,2.4,27.4,1,85,0,89.467711
11/27/2018,89.467711,33.5,2.3,28.5,1,79,0,417
11/28/2018,417,27.7,9.2,28.8,2,76,3,813
11/29/2018,813,0.6,7.1,28.5,2,80,3,471
11/30/2018,471,8.5,3,27.6,2,85,3,89.467711
12/1/2018,89.467711,0.1,6.6,28.3,3,73,0,89.467711
12/2/2018,89.467711,0.1,3.4,28,3,77,0,48
12/3/2018,48,13.7,6.3,28.3,3,79,0,102
12/4/2018,102,0.6,8.5,29.7,3,74,0,89.467711
12/5/2018,89.467711,0.6,6.6,29.1,1,70,0,114
12/6/2018,114,0,8.3,29.7,2,73,0,129
12/7/2018,129,0.6,4.2,28,2,64,0,124
12/8/2018,124,0.6,6.6,28.7,2,75,0,89.467711
12/9/2018,89.467711,0.6,8.7,29.3,1,68,0,159
12/10/2018,159,0.6,6.7,29.8,2,72,1,89.467711
12/11/2018,89.467711,0.4,4.7,29.4,1,74,0,89.467711
12/12/2018,89.467711,5.5,7.7,28.3,2,82,0,64
12/13/2018,64,0.6,1.5,29.6,2,75,0,68
12/14/2018,68,2,8.5,29.1,4,75,0,56
12/15/2018,56,6.9,6.6,28.9,4,73,0,55
12/16/2018,55,0,4.5,29.7,3,69,0,68
12/17/2018,68,0,3.4,30.4,2,68,0,71
12/18/2018,71,0.6,9.8,29.2,2,74,0,80
12/19/2018,80,11.9,6.4,28.7,2,77,0,78
12/20/2018,78,0,8.8,29.8,4,70,0,82
12/21/2018,82,0.6,9.1,29.3,3,69,0,91
12/22/2018,91,0.6,5.1,28.9,3,77,0,85
12/23/2018,85,0.1,0,27.3,5,78,0,89
12/24/2018,89,0.1,0.5,28.8,4,70,0,96
12/25/2018,96,1.5,5.2,28,5,77,0,79
12/26/2018,79,3.3,3.1,26.9,4,80,0,70
12/27/2018,70,1,0.3,28.9,5,71,0,76
12/28/2018,76,0,6.2,29.5,6,70,0,53
12/29/2018,53,0,10.3,29.4,7,72,0,51
12/30/2018,51,0,6.2,30.3,6,70,0,59
12/31/2018,59,0.6,8.1,28.9,5,71,0,66
1/1/2019,66,9.8,6.6,25.9,4,84,0,71
1/2/2019,71,5.5,5.3,27.4,2,84,0,73
1/3/2019,73,4,7.2,29,2,76,0,55
1/4/2019,55,0.6,5.3,28.8,1,76,0,88
1/5/2019,88,5,1.6,28.9,4,76,0,101
1/6/2019,101,0,9.5,29.8,2,74,0,87
1/7/2019,87,0,7.5,28.4,2,73,0,0
1/8/2019,0,0.6,9.8,28.1,2,70,0,0
1/9/2019,0,0.6,9.1,28,2,73,0,0
1/10/2019,0,0.6,9.8,28.5,2,73,0,1
1/11/2019,1,0,7.7,28.7,2,74,0,89.467711
1/12/2019,89.467711,12,6.6,30.1,2,75,0,64
1/13/2019,64,8.5,10.1,28.1,2,84,0,64
1/14/2019,64,1,1,27.5,2,85,0,55
1/15/2019,55,2.5,1.7,28.5,4,80,0,56
1/16/2019,56,0,1.5,27.9,3,84,0,56
1/17/2019,56,1.5,0,28.6,4,76,0,83
1/18/2019,83,0.6,4.3,28.3,3,82,0,97
1/19/2019,97,1.9,0,27.6,2,82,0,88
1/20/2019,88,8.6,0.8,28.6,2,79,0,90
1/21/2019,90,1.5,3.9,27.5,3,85,0,93
1/22/2019,93,6.5,1,26.6,2,88,0,71
1/23/2019,71,13.7,0,28.1,2,82,0,81
1/24/2019,81,2.3,0,28.3,2,82,0,147
1/25/2019,147,28.5,8.9,26.1,3,89,1,0
1/26/2019,0,32.1,0,28.3,3,82,0,0
1/27/2019,0,14.6,2.9,28.3,3,82,0,0
1/28/2019,0,6.8,0,28.4,3,82,0,30
1/29/2019,30,14.2,0,28.4,2,81,0,183
1/30/2019,183,127.6,3.9,27.4,2,86,1,81
1/31/2019,81,0.5,5.3,27.1,2,83,0,65
2/1/2019,65,2,0.3,28.2,5,77,0,80
2/2/2019,80,1.9,5.1,28.2,3,80,0,66
2/3/2019,66,27.6,6.1,28.5,3,80,0,117
2/4/2019,117,15.4,8.2,28.4,2,80,0,70
2/5/2019,70,0.6,1.4,29.8,3,71,0,94
2/6/2019,94,0,0.5,29.6,2,76,0,91
2/7/2019,91,0.6,7.5,28.9,2,70,0,0
2/8/2019,0,0,9.8,28.7,2,71,0,0
2/9/2019,0,0.6,6.6,28.3,2,73,0,0
2/10/2019,0,0.6,9.5,29.4,2,69,0,1
2/11/2019,1,29.1,6.5,29.2,2,70,0,0
2/12/2019,0,3.5,9.4,30.2,1,73,0,56
2/13/2019,56,4.2,6.6,28.3,1,80,0,67
2/14/2019,67,11.8,1.2,28.4,2,82,0,89.467711
2/15/2019,89.467711,0.6,10.5,28.3,3,82,0,89.467711
2/16/2019,89.467711,11.8,2.6,27.7,1,83,0,89.467711
2/17/2019,89.467711,46.3,3.1,27.3,2,86,0,89.467711
2/18/2019,89.467711,0.1,6.4,28.8,1,78,0,89.467711
2/19/2019,89.467711,0.1,4.3,29,2,78,0,89.467711
2/20/2019,89.467711,39.5,5.9,28.3,1,84,0,89.467711
2/21/2019,89.467711,0.2,2.2,28.6,2,80,0,89.467711
2/22/2019,89.467711,1.1,4.5,27.7,1,84,0,89.467711
2/23/2019,89.467711,71.6,4.4,27.9,1,81,0,89.467711
2/24/2019,89.467711,9,8.7,28.5,2,80,0,89.467711
2/25/2019,89.467711,0,8.7,29.2,1,78,0,89.467711
2/26/2019,89.467711,0.6,8.8,29.4,3,76,0,89.467711
2/27/2019,89.467711,0.6,9.9,29.6,3,77,0,39
2/28/2019,39,4.8,7.6,29.2,2,80,0,69
3/1/2019,69,0.7,7.1,28.7,5,70,0,78
3/2/2019,78,0.6,5.9,28.5,3,79,0,68
3/3/2019,68,21.4,2.6,27.2,1,84,0,57
3/4/2019,57,4.5,8.1,28.4,2,81,0,81
3/5/2019,81,0.6,8.7,29.6,2,74,0,102
3/6/2019,102,0,1.1,28.7,1,74,0,96
3/7/2019,96,0,6.7,29.5,2,70,0,0
3/8/2019,0,0,9.6,28.4,3,71,0,0
3/9/2019,0,0.6,8.1,28.8,2,76,0,0
3/10/2019,0,0,8.2,29.3,2,70,0,0
3/11/2019,0,0.6,9.3,29.2,1,71,0,0
3/12/2019,0,0.6,8,30.3,2,74,0,51
3/13/2019,51,12.2,0,27.9,2,81,0,73
3/14/2019,73,4.6,2.6,27.6,2,78,0,66
3/15/2019,66,0,5.3,28.7,2,76,0,63
3/16/2019,63,0,7.7,28.7,3,72,0,64
3/17/2019,64,1,2.5,27.8,3,78,0,67
3/18/2019,67,4.9,1.3,28.2,3,77,0,72
3/19/2019,72,3.5,4,27.5,5,78,0,70
3/20/2019,70,0,0.3,28.6,2,79,0,64
3/21/2019,64,0.6,6.6,28.5,3,78,0,54
3/22/2019,54,0,3.8,28.9,3,78,0,50
3/23/2019,50,1.5,9.7,29.7,5,73,0,55
3/24/2019,55,2.2,8.5,29.1,4,78,0,89
3/25/2019,89,0,5.5,28.5,2,76,0,158
3/26/2019,158,0.6,5.2,29,2,79,1,158
3/27/2019,158,3.5,10.8,28.4,2,82,1,42
3/28/2019,42,1.5,6.5,29.4,1,78,0,51
3/29/2019,51,0.8,3.7,28.9,2,77,0,107
3/30/2019,107,2,9,28.3,1,81,0,71
3/31/2019,71,2,6.3,29.3,1,78,0,77
4/1/2019,77,0.6,7.9,29.9,3,67,0,78
4/2/2019,78,0.2,8.7,28.7,3,80,0,69
4/3/2019,69,9.5,1,27.9,2,82,0,84
4/4/2019,84,0.6,9,29.7,2,75,0,86
4/5/2019,86,0.6,8.7,30.1,2,78,0,99
4/6/2019,99,0,0,29.1,2,76,0,93
4/7/2019,93,0.6,8.8,29.5,2,74,0,0
4/8/2019,0,0,4.4,28.3,2,66,0,0
4/9/2019,0,0.6,6.2,28.7,2,76,0,0
4/10/2019,0,0,8.2,29.8,2,69,0,0
4/11/2019,0,0.6,9,29.3,2,70,0,0
4/12/2019,0,0.6,9.5,29.8,3,76,0,81
4/13/2019,81,0,6.6,30.1,2,74,0,81
4/14/2019,81,4,8.8,29.3,1,74,0,72
4/15/2019,72,0.6,8.8,29.8,2,76,0,73
4/16/2019,73,0.6,5.5,29.2,2,80,0,66
4/17/2019,66,4.4,8.6,28.9,1,79,0,76
4/18/2019,76,0.6,4.9,30.4,2,74,0,137
4/19/2019,137,2.7,9.2,28.3,2,84,0,93
4/20/2019,93,13.5,6.4,27.8,1,82,0,97
4/21/2019,97,11,6.6,29.4,3,78,0,101
4/22/2019,101,1,6.5,30.1,3,72,0,102
4/23/2019,102,0.6,7.9,29.9,3,76,0,143
4/24/2019,143,0,7.9,27.9,1,87,1,85
4/25/2019,85,13.4,0,29.2,2,80,0,111
4/26/2019,111,16.9,8.4,28.8,1,79,0,78
4/27/2019,78,5.1,5.9,28.3,1,84,0,84
4/28/2019,84,0.6,0.5,28.9,2,80,0,81
4/29/2019,81,0,4.1,28.9,2,80,0,149
4/30/2019,149,15.8,1.2,28.4,2,85,1,87
5/1/2019,87,0.6,6.6,29.2,2,71,0,76
5/2/2019,76,0,2.3,28.7,3,82,0,157
5/3/2019,157,130.3,7.4,27,2,85,1,79
5/4/2019,79,3,7.8,28.8,2,82,0,98
5/5/2019,98,0,9.1,29.8,2,76,0,108
5/6/2019,108,0,3.6,29.6,3,76,0,98
5/7/2019,98,0.6,6.5,29.6,2,72,0,0
5/8/2019,0,0,6.6,27.4,2,75,0,89.467711
5/9/2019,89.467711,0.6,7,29.7,2,70,0,0
5/10/2019,0,0.6,0,29.6,3,64,0,0
5/11/2019,0,0.1,4.6,29.5,2,73,0,1
5/12/2019,1,10,9.6,29.4,2,78,0,88
5/13/2019,88,0.6,7.5,30.1,3,74,0,85
5/14/2019,85,0,7.8,30.5,3,70,0,83
5/15/2019,83,0.6,7.9,30,2,74,0,106
5/16/2019,106,0,5.3,29.4,2,78,0,96
5/17/2019,96,1.5,6.6,28.7,2,80,0,93
5/18/2019,93,0,6.6,29.3,2,72,0,105
5/19/2019,105,0,0.6,29.5,2,72,0,96
5/20/2019,96,0,3.8,30.3,2,71,0,96
5/21/2019,96,0,8.5,30.1,3,73,0,93
5/22/2019,93,0,6.6,30,3,73,0,89
5/23/2019,89,0,7.8,30.1,3,72,0,90
5/24/2019,90,0,8.5,30.3,3,67,0,92
5/25/2019,92,0,9.6,29.6,2,74,0,81
5/26/2019,81,0,9,30,2,72,0,84
5/27/2019,84,0.9,6.6,30.1,3,75,0,89
5/28/2019,89,0,9.4,30.5,4,69,0,91
5/29/2019,91,0,10.3,30,2,72,0,88
5/30/2019,88,0,8.9,29.9,2,74,0,92
5/31/2019,92,0,6.6,29.7,2,72,0,92
6/1/2019,92,0.6,8.7,29.6,1,72,0,74
6/2/2019,74,2,6.7,28.9,2,78,0,139
6/3/2019,139,91.5,4.9,25.4,1,90,0,89.467711
6/4/2019,89.467711,3.4,5,28.8,2,80,0,91
6/5/2019,91,14.1,9,29.2,2,78,0,105
6/6/2019,105,0,8.3,29.8,3,75,0,94
6/7/2019,94,0.6,3.5,29.1,3,72,0,0
6/8/2019,0,0.6,8.5,26.8,2,60,0,0
6/9/2019,0,0.6,4.4,28.4,2,70,0,0
6/10/2019,0,0,10.1,28.9,2,65,0,0
6/11/2019,0,27.5,9.3,29.2,2,71,0,0
6/12/2019,0,0.1,7.4,28.9,3,80,0,99
6/13/2019,99,0,7.4,30,2,76,0,118
6/14/2019,118,0,6.1,29.3,2,78,0,88
6/15/2019,88,0,2.1,29.6,2,76,0,91
6/16/2019,91,0,2.2,29.7,2,74,0,88
6/17/2019,88,0,6.6,29.4,3,73,0,338
6/18/2019,338,0,6.6,28.8,3,70,3,82
6/19/2019,82,0,8.6,29.1,2,69,0,78
6/20/2019,78,0,9.3,29.6,2,68,0,76
6/21/2019,76,0,7.2,28.6,3,72,0,76
6/22/2019,76,0,7.6,28.4,2,74,0,66
6/23/2019,66,0,6,28.7,2,77,0,70
6/24/2019,70,0,4.9,29.4,3,74,0,71
6/25/2019,71,0,6.4,29.2,3,69,0,74
6/26/2019,74,0,9.3,29.1,2,73,0,69
6/27/2019,69,0,6.6,28.5,1,75,0,75
6/28/2019,75,0,7.9,29.1,2,71,0,85
6/29/2019,85,0,8.3,28.6,3,68,0,84
6/30/2019,84,0,8.7,28.5,3,73,0,95
7/1/2019,95,0,10.7,29.9,2,76,0,78
7/2/2019,78,0.6,7.1,28.9,2,78,0,50
7/3/2019,50,7.7,0,27,1,82,0,120
7/4/2019,120,0,7.8,28.9,2,80,0,98
7/5/2019,98,0.6,2.6,29.4,1,78,0,114
7/6/2019,114,0,8.3,29.3,2,80,0,70
7/7/2019,70,0,9.4,29.2,4,73,0,0
7/8/2019,0,0,8.8,28,2,63,0,0
7/9/2019,0,0,2.9,28.7,3,71,0,0
7/10/2019,0,0,9.9,29.4,2,67,0,0
7/11/2019,0,0.6,8.6,28.6,1,72,0,0
7/12/2019,0,4.3,0.6,27.7,2,84,0,91
7/13/2019,91,0,9.6,28.2,1,72,0,96
7/14/2019,96,0,6.7,28.4,3,72,0,98
7/15/2019,98,0,5.2,27.8,2,66,0,86
7/16/2019,86,0,9.7,27.6,2,70,0,92
7/17/2019,92,0.6,7.4,27.6,2,65,0,96
7/18/2019,96,0,9,28.4,3,65,0,99
7/19/2019,99,0,9.6,29.7,3,67,0,94
7/20/2019,94,0.6,5,29.3,2,70,0,100
7/21/2019,100,0.6,4.7,28.9,2,75,0,94
7/22/2019,94,0.6,6.6,29.1,2,74,0,101
7/23/2019,101,0,7.8,28.8,3,64,0,94
7/24/2019,94,0,9.8,28.7,2,66,0,121
7/25/2019,121,0.6,9.3,28.3,2,72,0,124
7/26/2019,124,0.6,9.8,27.9,2,74,0,158
7/27/2019,158,0.6,9.8,27.8,3,77,1,0
7/28/2019,0,0,6.6,28.3,2,77,0,0
7/29/2019,0,0,8.3,28.7,2,77,0,0
7/30/2019,0,0.6,3.2,28.3,2,74,0,0
7/31/2019,0,0.6,9.6,28.6,3,70,0,82
8/1/2019,82,1.8,9.7,29,2,76,0,138
8/2/2019,138,0.6,7.9,29,2,79,0,51
8/3/2019,51,0.6,0.5,28.9,1,78,0,75
8/4/2019,75,8.8,5.6,29.4,2,78,0,93
8/5/2019,93,0.6,6.6,29.6,1,77,0,99
8/6/2019,99,0.5,6.3,28.9,1,79,0,66
8/7/2019,66,0,8.4,29.1,3,73,0,0
8/8/2019,0,0.6,9.1,28,2,69,0,0
8/9/2019,0,0.6,7.2,28.8,3,70,0,89.467711
8/10/2019,89.467711,0.6,8.7,29.2,2,71,0,0
8/11/2019,0,0.6,9.6,29,2,74,0,0
8/12/2019,0,11,0.2,28.3,2,83,0,0
8/13/2019,0,0,9.1,28.2,3,77,0,0
8/14/2019,0,0.6,9.5,28.6,3,76,0,0
8/15/2019,0,0.6,10.5,28.5,2,76,0,0
8/16/2019,0,0.6,6.6,28.5,2,78,0,0
8/17/2019,0,0,5.7,28.8,2,74,0,0
8/18/2019,0,0,7.3,27.7,3,70,0,0
8/19/2019,0,0.6,10,27.6,1,72,0,0
8/20/2019,0,0.6,9.5,28.1,3,70,0,0
8/21/2019,0,0.6,9.5,29.1,3,65,0,0
8/22/2019,0,0.6,9.9,28.9,2,71,0,0
8/23/2019,0,0,6.7,28.2,2,76,0,0
8/24/2019,0,0.6,8,27.8,2,73,0,0
8/25/2019,0,0.6,9,28.2,2,70,0,0
8/26/2019,0,0.6,8.5,28.3,2,72,0,0
8/27/2019,0,0,5.5,28.6,2,77,0,0
8/28/2019,0,0.6,7.3,28.8,2,78,0,0
8/29/2019,0,0.6,5.6,28.9,3,74,0,0
8/30/2019,0,0.6,7.3,28.6,2,71,0,0
8/31/2019,0,0,7.4,27.8,3,70,0,107
9/1/2019,107,1.3,7.2,28.9,2,80,0,68
9/2/2019,68,0.6,9.4,29.2,2,76,0,58
9/3/2019,58,2.7,8.8,27.7,2,77,0,69
9/4/2019,69,4.6,5.8,28.7,2,82,0,92
9/5/2019,92,2.5,7.1,29.1,2,77,0,91
9/6/2019,91,0,3.2,29.3,2,76,0,75
9/7/2019,75,0,8.8,28.7,3,76,0,0
9/8/2019,0,0.6,8.4,27.9,1,71,0,0
9/9/2019,0,0,4.8,28.6,2,72,0,0
9/10/2019,0,1,9.5,29,2,76,0,0
9/11/2019,0,0.6,9.4,29.6,2,64,0,0
9/12/2019,0,0.6,9.3,29.3,2,74,0,0
9/13/2019,0,0.6,8.8,27.7,2,68,0,0
9/14/2019,0,0.6,6,27.4,2,68,0,0
9/15/2019,0,0.6,6.6,27.7,3,72,0,0
9/16/2019,0,0.6,8.3,28.5,3,74,0,0
9/17/2019,0,0.6,8.8,28.5,2,74,0,0
9/18/2019,0,0.6,5.5,28.8,3,74,0,0
9/19/2019,0,0.6,8.2,28.8,3,74,0,0
9/20/2019,0,0.6,5.5,28.4,3,67,0,0
9/21/2019,0,0,9,28.9,2,66,0,0
9/22/2019,0,0,9.5,28.5,3,71,0,0
9/23/2019,0,0.6,9.8,28.7,3,72,0,0
9/24/2019,0,0.6,9,29.4,3,69,0,0
9/25/2019,0,0.6,8.7,29,2,74,0,0
9/26/2019,0,0.6,9.7,29.6,2,73,0,0
9/27/2019,0,0,6.6,29.7,3,72,0,0
9/28/2019,0,0.6,9.5,29.7,2,72,0,0
9/29/2019,0,0.6,9.5,29.9,2,69,0,0
9/30/2019,0,0.6,8.5,29.3,3,71,0,81
10/1/2019,81,19.7,5.4,27.7,1,84,0,256
10/2/2019,256,0,9.6,28.9,3,78,3,44
10/3/2019,44,0,5.6,28.5,2,77,0,65
10/4/2019,65,0.6,3.1,29.8,2,79,0,92
10/5/2019,92,0.6,6.6,28.7,2,79,0,79
10/6/2019,79,0,8.9,29.2,2,75,0,75
10/7/2019,75,0.6,5.4,27.8,3,64,0,0
10/8/2019,0,0.6,8.4,28,2,72,0,0
10/9/2019,0,0,9,30.1,3,60,0,0
10/10/2019,0,0.6,8.8,29.3,1,74,0,0
10/11/2019,0,0,9.6,29.5,2,72,0,0
10/12/2019,0,0,7.7,28.7,2,78,0,0
10/13/2019,0,0.6,6.5,28.8,2,76,0,0
10/14/2019,0,0.6,8.6,29,1,75,0,0
10/15/2019,0,0.6,9.6,29.3,2,72,0,0
10/16/2019,0,0,8.2,29.1,2,75,0,0
10/17/2019,0,0.6,9.8,29.7,2,76,0,0
10/18/2019,0,0.6,8.7,29.5,2,71,0,0
10/19/2019,0,0.6,9.5,29.6,2,75,0,0
10/20/2019,0,0.6,9.3,29.9,2,70,0,0
10/21/2019,0,0.6,9.7,30.3,3,68,0,0
10/22/2019,0,0,9.6,30,2,68,0,0
10/23/2019,0,0.6,10,30.2,2,66,0,0
10/24/2019,0,0.6,8.7,29.8,2,70,0,0
10/25/2019,0,0.6,8,29.7,2,74,0,0
10/26/2019,0,0,9.6,29.4,2,73,0,0
10/27/2019,0,0.6,9.4,29.5,2,74,0,0
10/28/2019,0,0.1,5.9,29.4,2,75,0,0
10/29/2019,0,0.6,6.1,29.4,2,74,0,0
10/30/2019,0,0.6,7.8,29.2,2,70,0,0
10/31/2019,0,0,9.3,29.8,2,69,0,67
11/1/2019,67,41.9,7.2,29,2,82,0,98
11/2/2019,98,4.5,6.6,27.8,2,78,0,50
11/3/2019,50,1.5,2.7,27.9,3,80,0,66
11/4/2019,66,0.6,4.6,30.1,3,72,0,88
11/5/2019,88,5.7,0.9,29,2,79,0,85
11/6/2019,85,0,6.5,29.8,2,75,0,94
11/7/2019,94,0.6,9.6,28.6,3,68,0,0
11/8/2019,0,0.6,9.2,28,2,73,0,0
11/9/2019,0,0,10.2,28.5,2,66,0,0
11/10/2019,0,0.6,5.7,29.4,1,74,0,0
11/11/2019,0,0,9.3,30,2,71,0,0
11/12/2019,0,0,2,28.5,2,74,0,0
11/13/2019,0,0.6,5.6,30.6,2,70,0,0
11/14/2019,0,0.6,2.9,28.5,3,77,0,0
11/15/2019,0,2.5,0.6,30.3,2,72,0,0
11/16/2019,0,0,9.6,29.9,2,70,0,0
11/17/2019,0,0,9.4,29.8,2,70,0,0
11/18/2019,0,0.6,9.6,29.7,2,72,0,0
11/19/2019,0,0.6,7.1,29.6,2,74,0,0
11/20/2019,0,0,9.5,30.1,2,70,0,0
11/21/2019,0,0.6,8.8,29.2,2,76,0,0
11/22/2019,0,0.3,6.2,29.9,1,73,0,0
11/23/2019,0,0.6,6.9,29.9,2,73,0,0
11/24/2019,0,0.6,3.7,29.7,2,72,0,0
11/25/2019,0,6.5,9.4,29.8,2,76,0,89.467711
11/26/2019,89.467711,0,6.9,30,2,74,0,89.467711
11/27/2019,89.467711,0.6,8.3,30.1,2,74,0,89.467711
11/28/2019,89.467711,0.6,6.7,30,2,74,0,89.467711
11/29/2019,89.467711,0.6,9.5,30.1,2,74,0,89.467711
11/30/2019,89.467711,2.1,7.1,28,2,82,0,64
12/1/2019,64,20.3,9.5,28.9,2,80,0,51
12/2/2019,51,4,6.8,28.3,2,82,0,53
12/3/2019,53,0.2,3.4,27.1,1,84,0,58
12/4/2019,58,0.6,9.9,29.9,2,74,0,89
12/5/2019,89,0.6,3.9,29.9,2,77,0,89
12/6/2019,89,0,6.2,29.7,2,76,0,92
12/7/2019,92,0.6,6.6,28.4,3,71,0,0
12/8/2019,0,0,7.9,28.6,2,69,0,0
12/9/2019,0,0,10.4,27.7,2,74,0,0
12/10/2019,0,0.6,6.7,28.9,2,74,0,0
12/11/2019,0,0.6,9.7,30.1,1,72,0,0
12/12/2019,0,0.6,6.6,27.6,2,82,0,89.467711
12/13/2019,89.467711,3.4,0,28.5,2,78,0,89.467711
12/14/2019,89.467711,0.6,2.8,28.9,1,75,0,89.467711
12/15/2019,89.467711,0.6,8.6,29.3,2,76,0,0
12/16/2019,0,0,6.1,29,2,80,0,1
12/17/2019,1,3.3,0.9,27.3,1,84,0,0
12/18/2019,0,0.6,3.7,28.7,2,78,0,0
12/19/2019,0,0.6,9,28.6,1,80,0,0
12/20/2019,0,0.1,5.5,29.1,1,77,0,1
12/21/2019,1,0,8.1,29.6,2,76,0,0
12/22/2019,0,54,8.5,27.6,2,85,0,0
12/23/2019,0,5.5,5.6,28.4,2,81,0,0
12/24/2019,0,7.6,6.6,29,2,77,0,1
12/25/2019,1,102.5,8.5,26.6,1,93,0,0
12/26/2019,0,44,6.6,28.2,2,82,0,0
12/27/2019,0,2.5,6.8,27.6,1,86,0,0
12/28/2019,0,50.2,4.8,27.5,1,83,0,0
12/29/2019,0,13.2,5.3,27.2,1,86,0,0
12/30/2019,0,1.2,0,29,2,79,0,0
12/31/2019,0,0,9.6,27.6,4,84,0,0
1/1/2020,0,146.1,3.1,27.4,3,88,0,0
1/2/2020,0,42.9,0.4,26.1,2,93,0,175
1/3/2020,175,22.1,0,27.6,2,89,1,199
1/4/2020,199,31.6,7.7,28.1,2,82,1,89.467711
1/5/2020,89.467711,0.1,0,28.9,3,80,0,159
1/6/2020,159,0,4.4,29.6,2,76,1,90
1/7/2020,90,0,10,29,3,75,0,76
1/8/2020,76,0.6,8.7,28,1,65,0,89.467711
1/9/2020,89.467711,0.6,9.5,29.7,2,65,0,52
1/10/2020,52,0.6,10.5,30.1,3,73,0,113
1/11/2020,113,3.4,5.9,27.9,4,82,0,92
1/12/2020,92,0.1,1,29.2,4,73,0,74
1/13/2020,74,0.4,10,27.4,3,87,0,69
1/14/2020,69,0.3,2.2,28.9,3,78,0,4
1/15/2020,4,35,8.5,28.2,1,82,0,0
1/16/2020,0,0.6,5.4,28.5,2,82,0,0
1/17/2020,0,1.1,4,28.9,3,79,0,0
1/18/2020,0,23.5,9.1,27.4,2,84,0,0
1/19/2020,0,2.2,2.8,28.5,2,81,0,0
1/20/2020,0,0.6,9.4,29,2,80,0,0
1/21/2020,0,0.6,4.9,28.7,2,82,0,0
1/22/2020,0,0.1,6.3,28.8,2,81,0,0
1/23/2020,0,10.6,7,28.1,2,86,0,0
1/24/2020,0,19.9,5.5,27,2,91,0,0
1/25/2020,0,112.3,0,27.5,2,87,0,0
1/26/2020,0,2,0.6,28.3,2,84,0,0
1/27/2020,0,1.5,8.1,28.9,2,80,0,0
1/28/2020,0,3.7,6.6,28.8,2,82,0,0
1/29/2020,0,0.6,8.4,29.6,2,81,0,0
1/30/2020,0,41.5,7.8,27.3,1,82,0,0
1/31/2020,0,0,3.3,28.5,2,82,0,0
2/1/2020,0,13.5,0,27.9,2,83,0,0
2/2/2020,0,86.1,0.2,26.7,1,90,0,155
2/3/2020,155,32.4,0,28.2,1,85,1,207
2/4/2020,207,0.6,5,29.9,3,75,2,89.467711
2/5/2020,89.467711,0,0,27.2,2,82,0,172
2/6/2020,172,0.1,6.8,29.3,2,77,1,89
2/7/2020,89,0,7.9,27.7,2,83,0,85
2/8/2020,85,0.6,9.8,28.5,2,71,0,0
2/9/2020,0,0,7.3,29.5,2,70,0,89.467711
2/10/2020,89.467711,0,10,29.8,2,74,0,73
2/11/2020,73,3.4,4.3,28.7,3,76,0,98
2/12/2020,98,0,8.1,29.6,2,75,0,89.467711
2/13/2020,89.467711,0.6,6.4,28.6,2,80,0,89.467711
2/14/2020,89.467711,0,2.6,27.8,1,84,0,89.467711
2/15/2020,89.467711,2.4,0.8,28.6,2,83,0,89.467711
2/16/2020,89.467711,0.6,7.7,27.9,3,84,0,89.467711
2/17/2020,89.467711,21.6,2.2,27.8,2,84,0,65
2/18/2020,65,7.5,0.8,27.5,2,86,0,163
2/19/2020,163,6.5,6.1,27.6,3,84,1,203
2/20/2020,203,77.1,2.7,27.2,3,87,2,180
2/21/2020,180,36.1,2.5,28.1,2,84,1,228
2/22/2020,228,61.3,7.8,27.9,3,86,2,301
2/23/2020,301,27.2,6.5,28.7,4,82,3,204
2/24/2020,204,0.1,3.8,29.3,3,78,2,299
2/25/2020,299,92.3,6.6,27.7,2,87,3,214
2/26/2020,214,3.2,0.8,28.6,2,82,2,157
2/27/2020,157,2.7,4.8,28.1,2,87,1,145
2/28/2020,145,60.9,0.3,27.7,1,87,1,146
2/29/2020,146,1.8,0,27.5,2,90,1,0
3/1/2020,0,0,7.3,28.6,3,79,0,0
3/2/2020,0,39.3,2.5,27,2,89,0,112
3/3/2020,112,1,7.9,28.8,2,80,0,212
3/4/2020,212,0,9.1,29.6,2,76,2,89.467711
3/5/2020,89.467711,1.5,0,29.4,3,78,0,199
3/6/2020,199,1,10.3,29.1,3,80,1,90
3/7/2020,90,56,1.7,28.6,2,76,0,79
3/8/2020,79,0.6,8.3,29.1,3,74,0,89.467711
3/9/2020,89.467711,6,8.9,28.5,2,78,0,64
3/10/2020,64,0.6,8.8,28.5,2,77,0,82
3/11/2020,82,0,2.6,29.1,2,77,0,97
3/12/2020,97,41.4,7.8,26.7,2,84,0,132
3/13/2020,132,46.6,2.6,27.6,2,82,0,114
3/14/2020,114,0,7.1,29.3,2,80,0,132
3/15/2020,132,1.7,9,29.4,2,81,0,129
3/16/2020,129,4.4,6.6,28.4,2,81,0,122
3/17/2020,122,5.1,5.9,29,2,78,0,119
3/18/2020,119,4,9.8,27.8,1,88,0,168
3/19/2020,168,0.6,0.3,28,2,85,1,151
3/20/2020,151,47.2,1.5,27.3,2,86,1,116
3/21/2020,116,3,6.6,27.9,2,84,0,147
3/22/2020,147,0,5.9,28.6,1,80,1,109
3/23/2020,109,15.4,3.7,28.3,1,82,0,98
3/24/2020,98,6.5,5.3,28.8,2,81,0,103
3/25/2020,103,0.6,8.4,28.4,2,81,0,104
3/26/2020,104,0.1,7.5,28.4,2,81,0,101
3/27/2020,101,2.5,3.6,28.6,2,81,0,104
3/28/2020,104,0.6,6.6,29.2,2,81,0,104
3/29/2020,104,0.6,8.6,29.4,2,80,0,105
3/30/2020,105,0.6,1.4,28.5,2,80,0,189
3/31/2020,189,0.8,5.1,28.7,2,82,1,89.467711
4/1/2020,89.467711,6.4,0.8,28.2,3,85,0,0
4/2/2020,0,38.6,1.3,26.9,2,86,0,120
4/3/2020,120,7.2,7.8,28.2,3,85,0,209
4/4/2020,209,0.6,6.6,29.5,2,78,2,95
4/5/2020,95,0.6,7.4,28.4,3,82,0,214
4/6/2020,214,0.1,6.6,29.9,4,72,2,100
4/7/2020,100,0.6,1.8,29,3,76,0,93
4/8/2020,93,0,8.4,29.7,3,71,0,45
4/9/2020,45,0,2.5,29.9,3,74,0,59
4/10/2020,59,7.6,2.4,28.7,3,77,0,87
4/11/2020,87,0.6,9,29.2,1,74,0,125
4/12/2020,125,2.2,0,27.9,3,84,0,214
4/13/2020,214,3.3,7.4,28.7,2,82,2,214
4/14/2020,214,57.5,9.8,28.3,2,84,2,210
4/15/2020,210,1.5,7.4,28.8,2,83,2,206
4/16/2020,206,0,5,29.2,2,80,2,200
4/17/2020,200,0,7.9,29.9,2,78,2,89.467711
4/18/2020,89.467711,0.6,9.9,29.1,2,79,0,89.467711
4/19/2020,89.467711,0.6,7.4,29.6,2,76,0,89.467711
4/20/2020,89.467711,0,9.1,30.4,2,77,0,89.467711
4/21/2020,89.467711,0,10,30.4,3,75,0,89.467711
4/22/2020,89.467711,0.6,3.1,29.9,3,76,0,89.467711
4/23/2020,89.467711,0,10,30.6,4,74,0,89.467711
4/24/2020,89.467711,0.6,8.3,29,3,81,0,89.467711
4/25/2020,89.467711,1.5,6.6,29.2,2,77,0,89.467711
4/26/2020,89.467711,0.6,3.2,29.7,2,78,0,89.467711
4/27/2020,89.467711,19.3,8.6,27.6,2,86,0,89.467711
4/28/2020,89.467711,7.7,3.8,28.1,2,82,0,89.467711
4/29/2020,89.467711,0.6,2,28.7,2,79,0,89.467711
4/30/2020,89.467711,0,6.9,28.5,2,79,0,89.467711
5/1/2020,89.467711,1.1,0.8,27.8,3,86,0,0
5/2/2020,0,1.1,5.2,27.9,2,85,0,111
5/3/2020,111,0.6,1.7,28.1,3,79,0,215
5/4/2020,215,0,6.6,29.3,2,78,2,107
5/5/2020,107,5.6,1.3,29.4,3,77,0,223
5/6/2020,223,0,8.6,29.3,2,74,2,95
5/7/2020,95,0,2.6,28.8,3,70,0,82
5/8/2020,82,0,2.5,28.1,2,79,0,51
5/9/2020,51,0,10,29.9,2,78,0,89.467711
5/10/2020,89.467711,8,6.7,28.9,2,69,0,86
5/11/2020,86,0.5,4.8,27.6,2,83,0,110
5/12/2020,110,28.5,6.2,27.5,4,81,0,145
5/13/2020,145,0.6,9.9,30,3,79,1,144
5/14/2020,144,0.6,4.8,29.9,3,75,1,138
5/15/2020,138,0,7.9,30,3,74,0,147
5/16/2020,147,0,8.3,30.1,3,72,1,146
5/17/2020,146,0,9.6,30,2,78,1,139
5/18/2020,139,0.6,8.9,28.4,2,82,0,127
5/19/2020,127,22,1.1,28.7,3,80,0,89.467711
5/20/2020,89.467711,0,6.5,30,3,79,0,89.467711
5/21/2020,89.467711,17.2,7.5,28.6,2,83,0,143
5/22/2020,143,0,2.4,30.1,3,79,1,149
5/23/2020,149,0.6,6.6,28.9,2,81,1,156
5/24/2020,156,0,9,31.4,2,68,1,150
5/25/2020,150,0.6,9.6,30.2,2,77,1,100
5/26/2020,100,2.7,7,30.2,3,74,0,176
5/27/2020,176,0,6,29.1,1,78,1,177
5/28/2020,177,0.6,6.8,29,2,80,1,175
5/29/2020,175,0.6,2.6,29.5,3,80,1,176
5/30/2020,176,0.1,6.7,29.8,2,74,1,177
5/31/2020,177,0.4,9.9,29.4,2,82,1,0
6/1/2020,0,54,0,27.2,3,87,0,0
6/2/2020,0,1.8,2.7,27,3,90,0,114
6/3/2020,114,1.7,0,28.9,3,82,0,207
6/4/2020,207,0,2.1,28.1,2,83,2,135
6/5/2020,135,0,9.8,29.9,3,78,0,206
6/6/2020,206,31.5,0.8,28.7,2,79,2,107
6/7/2020,107,0.6,9.4,28.9,3,72,0,82
6/8/2020,82,0,8.3,29.3,2,75,0,48
6/9/2020,48,0.6,8,28.7,2,76,0,89.467711
6/10/2020,89.467711,0,9.7,29.1,2,68,0,92
6/11/2020,92,7.4,0.3,27.6,3,86,0,118
6/12/2020,118,36,1,26.6,4,90,0,197
6/13/2020,197,0.6,9.7,29.3,3,76,1,193
6/14/2020,193,0,6.9,30,2,75,1,207
6/15/2020,207,0.6,7.4,30.2,2,76,2,225
6/16/2020,225,0.1,0,29.7,4,77,2,223
6/17/2020,223,3.2,6.5,29.9,3,74,2,226
6/18/2020,226,0.6,7.8,29.8,2,75,2,234
6/19/2020,234,0.6,6.3,29.3,2,75,2,364
6/20/2020,364,6.6,1,29.7,2,75,3,89.467711
6/21/2020,89.467711,0.6,8.6,28.8,2,78,0,88
6/22/2020,88,0,3.7,28.4,3,80,0,86
6/23/2020,86,15.3,2,28,3,81,0,84
6/24/2020,84,0.6,7.8,28.6,1,77,0,78
6/25/2020,78,0.6,7.6,29.1,2,76,0,71
6/26/2020,71,0.6,8.6,29.2,2,76,0,72
6/27/2020,72,0,8.5,29.5,2,75,0,57
6/28/2020,57,0,5.8,29.3,3,72,0,89.467711
6/29/2020,89.467711,0,7.4,29.9,3,70,0,89.467711
6/30/2020,89.467711,0,9.3,29.1,3,76,0,89.467711
7/1/2020,89.467711,16.9,3.2,27.3,3,88,0,0
7/2/2020,0,0.5,0,26.6,3,89,0,125
7/3/2020,125,0,9.4,28.3,3,77,0,194
7/4/2020,194,13.2,1.4,28.8,4,78,1,147
7/5/2020,147,0.6,7,30.2,3,76,1,214
7/6/2020,214,0.6,4.9,29.5,2,78,2,87
7/7/2020,87,2.7,8.9,28.4,2,79,0,72
7/8/2020,72,0.6,8.5,28.9,2,78,0,89.467711
7/9/2020,89.467711,0.6,6.1,29.4,3,72,0,64
7/10/2020,64,0.6,9.6,29.3,3,71,0,83
7/11/2020,83,0,2.6,28.8,2,81,0,107
7/12/2020,107,44,0,25.7,4,90,0,74
7/13/2020,74,0,9.5,29.4,2,72,0,86
7/14/2020,86,2.5,3.1,28.8,3,80,0,77
7/15/2020,77,15.2,5.8,26.9,4,83,0,85
7/16/2020,85,0.1,0.2,28.4,3,77,0,85
7/17/2020,85,0.1,0.1,28.6,2,78,0,84
7/18/2020,84,0.6,10.1,28.7,2,79,0,82
7/19/2020,82,0,7.5,29,2,76,0,91
7/20/2020,91,0.6,10.1,29.2,2,77,0,94
7/21/2020,94,0,8.7,29.2,2,77,0,90
7/22/2020,90,1.4,8.9,29.3,2,76,0,85
7/23/2020,85,0.6,8.1,29.5,2,74,0,80
7/24/2020,80,0.6,9,29,3,70,0,74
7/25/2020,74,0,9.2,29,3,68,0,59
7/26/2020,59,0.6,10.1,28.2,3,68,0,66
7/27/2020,66,0,8.8,28.2,2,69,0,69
7/28/2020,69,0.6,9.8,28.6,2,70,0,81
7/29/2020,81,0.6,8.3,28.5,2,70,0,76
7/30/2020,76,0.6,9.4,28.6,2,71,0,83
7/31/2020,83,0,7.2,28,2,61,0,89.467711
8/1/2020,89.467711,0.2,4.7,28.1,3,80,0,0
8/2/2020,0,155.5,0.1,27.2,1,82,0,119
8/3/2020,119,0.6,6.9,29.1,3,75,0,203
8/4/2020,203,0.6,9.8,28.7,2,80,2,89.467711
8/5/2020,89.467711,0.6,9.9,30.4,2,76,0,211
8/6/2020,211,0.6,7.6,29.9,3,76,2,85
8/7/2020,85,0,8.7,29.3,2,75,0,69
8/8/2020,69,0.6,7.5,29.2,3,78,0,0
8/9/2020,0,0,10.3,30,3,67,0,65
8/10/2020,65,0,10,29.3,2,73,0,83
8/11/2020,83,0.6,8.2,27.9,2,83,0,65
8/12/2020,65,19.3,0,28.8,5,80,0,135
8/13/2020,135,0.1,3.7,27.9,2,83,0,82
8/14/2020,82,73.5,3.6,27.9,2,80,0,72
8/15/2020,72,0.6,5.5,28.4,3,80,0,89.467711
8/16/2020,89.467711,0,8.8,29,2,78,0,92
8/17/2020,92,0.3,9.6,29.8,2,72,0,78
8/18/2020,78,2.5,9,28.5,2,78,0,55
8/19/2020,55,0,7.5,29.1,4,75,0,93
8/20/2020,93,0,9.7,29.2,4,76,0,0
8/21/2020,0,0,8.7,29,4,71,0,89.467711
8/22/2020,89.467711,0.6,9.3,29.3,3,67,0,89.467711
8/23/2020,89.467711,0.6,10,29.4,3,70,0,76
8/24/2020,76,0,7.5,29.6,3,68,0,89.467711
8/25/2020,89.467711,0,6.3,29.4,4,73,0,80
8/26/2020,80,0,10.1,28.9,3,68,0,32
8/27/2020,32,0.6,7.3,28.7,3,69,0,0
8/28/2020,0,0,6.9,29.5,3,68,0,89.467711
8/29/2020,89.467711,0.6,9.8,29.6,2,69,0,0
8/30/2020,0,0.6,6.1,29,4,73,0,89.467711
8/31/2020,89.467711,0.6,10.4,29.2,3,72,0,89.467711
9/1/2020,89.467711,69.4,0.1,28.4,4,82,0,0
9/2/2020,0,5.2,3.9,26.6,2,82,0,120
9/3/2020,120,0.6,5.9,30,4,70,0,212
9/4/2020,212,0.6,8.6,29.3,2,80,2,143
9/5/2020,143,0.1,10.1,28.5,2,84,1,207
9/6/2020,207,0,8.5,29.4,2,80,2,79
9/7/2020,79,0.6,8,28.3,1,75,0,66
9/8/2020,66,1.6,5.1,28.4,3,82,0,89.467711
9/9/2020,89.467711,0.6,9.6,29.8,3,68,0,65
9/10/2020,65,8.7,5,28.6,2,78,0,72
9/11/2020,72,6,7.9,28.9,2,74,0,63
9/12/2020,63,7,6.1,28.6,5,80,0,65
9/13/2020,65,0.6,8.8,29.3,2,71,0,61
9/14/2020,61,0,8.7,29.2,3,74,0,54
9/15/2020,54,0.6,6.6,28.8,2,76,0,69
9/16/2020,69,0.6,6.6,28.8,2,76,0,89.467711
9/17/2020,89.467711,0.6,6.6,28.8,2,76,0,52
9/18/2020,52,0.6,6.6,28.8,2,76,0,89.467711
9/19/2020,89.467711,0.6,6.6,28.8,2,76,0,89.467711
9/20/2020,89.467711,0.6,6.6,28.8,2,76,0,89.467711
9/21/2020,89.467711,0.6,6.6,28.8,2,76,0,89.467711
9/22/2020,89.467711,0.6,6.6,28.8,2,76,0,89.467711
9/23/2020,89.467711,0.6,6.6,28.8,2,76,0,89.467711
9/24/2020,89.467711,0.6,6.6,28.8,2,76,0,89.467711
9/25/2020,89.467711,0.6,6.6,28.8,2,76,0,89.467711
9/26/2020,89.467711,0.6,6.6,28.8,2,76,0,89.467711
9/27/2020,89.467711,0.6,6.6,28.8,2,76,0,89.467711
9/28/2020,89.467711,0,6,29.5,3,72,0,89.467711
9/29/2020,89.467711,0,7.5,29.2,2,70,0,49
9/30/2020,49,0,7.8,29.8,3,70,0,84
10/1/2020,84,20.1,0,25.9,2,88,0,0
10/2/2020,0,10.4,0.7,28.6,2,76,0,116
10/3/2020,116,0,6,29.9,2,74,0,222
10/4/2020,222,0.1,7.3,29,2,84,2,89.467711
10/5/2020,89.467711,2.5,0,29,2,80,0,201
10/6/2020,201,0,5.3,29.5,4,77,2,68
10/7/2020,68,1.5,3.6,28.2,2,78,0,67
10/8/2020,67,0.6,6.8,29.2,3,79,0,71
10/9/2020,71,0,7.7,29.9,2,72,0,72
10/10/2020,72,0.6,3.9,28.8,2,77,0,66
10/11/2020,66,0,10.3,29.5,2,79,0,58
10/12/2020,58,4.7,4.9,28.1,2,81,0,81
10/13/2020,81,0,6.7,29.9,2,72,0,72
10/14/2020,72,0.6,6.9,30,2,74,0,66
10/15/2020,66,0.6,9.2,29.9,3,72,0,200
10/16/2020,200,0,5.1,28.3,2,80,2,89.467711
10/17/2020,89.467711,58.1,5,28.8,2,80,0,62
10/18/2020,62,0.6,8.8,29.1,2,76,0,101
10/19/2020,101,0,8.1,28.8,2,79,0,109
10/20/2020,109,0.1,7.6,29,2,79,0,93
10/21/2020,93,2.7,8.2,27.6,2,84,0,76
10/22/2020,76,3.6,5.2,28.9,4,77,0,70
10/23/2020,70,0,6.2,30,3,70,0,72
10/24/2020,72,0,4.7,29.3,2,75,0,61
10/25/2020,61,0.2,9.7,28.9,2,77,0,62
10/26/2020,62,0.6,7.6,27.8,2,82,0,69
10/27/2020,69,2.4,5.4,27.2,2,82,0,61
10/28/2020,61,1.4,0.6,28.7,2,80,0,64
10/29/2020,64,0,10,29.6,3,77,0,80
10/30/2020,80,0,8.2,29.4,3,78,0,83
10/31/2020,83,0.6,4,28.4,2,76,0,69
11/1/2020,69,21,0,26.6,3,86,0,0
11/2/2020,0,0.6,9.4,29.8,1,76,0,120
11/3/2020,120,0.6,8.5,29.6,2,80,0,220
11/4/2020,220,6.6,4,29.4,2,80,2,150
11/5/2020,150,0.1,5.9,29.5,3,77,1,199
11/6/2020,199,0,8.1,29.7,3,76,1,64
11/7/2020,64,20.6,0,28.4,3,82,0,80
11/8/2020,80,0,9.6,29.9,2,74,0,89.467711
11/9/2020,89.467711,0,5.7,29.4,2,76,0,77
11/10/2020,77,5.6,1.2,28.9,2,79,0,58
11/11/2020,58,0,8,29.7,2,74,0,80
11/12/2020,80,0.1,2.4,28.5,3,81,0,90
11/13/2020,90,0.6,5.9,30,2,78,0,100
11/14/2020,100,0.6,9.7,30.2,3,76,0,101
11/15/2020,101,4.1,8.7,30.2,4,73,0,113
11/16/2020,113,0,8.5,29.9,3,74,0,112
11/17/2020,112,0,6.8,29.6,3,78,0,106
11/18/2020,106,0.5,7.2,29.2,2,78,0,106
11/19/2020,106,0.6,7.1,29.9,3,75,0,82
11/20/2020,82,2.5,9.5,29.2,2,82,0,79
11/21/2020,79,0.6,4.9,29.4,2,78,0,12
11/22/2020,12,0,8.1,29.1,2,80,0,89.467711
11/23/2020,89.467711,8,4.1,28,3,83,0,47
11/24/2020,47,0.8,0,27.6,2,82,0,116
11/25/2020,116,59.3,3.6,28,2,82,0,68
11/26/2020,68,11.9,5.2,28.6,3,81,0,78
11/27/2020,78,0,6.6,29,2,78,0,79
11/28/2020,79,4.6,5.1,28.4,2,80,0,80
11/29/2020,80,1.2,3.1,28.4,6,78,0,73
11/30/2020,73,1,1.4,27.6,4,81,0,78
12/1/2020,78,4.5,2.2,28.3,3,79,0,0
12/2/2020,0,2.5,6.6,29.1,2,75,0,147
12/3/2020,147,8.9,4.3,27.9,2,88,1,218
12/4/2020,218,0.6,4.8,30,2,79,2,147
12/5/2020,147,0,7.3,29.9,2,76,1,218
12/6/2020,218,5.6,8.8,28.8,2,76,2,73
12/7/2020,73,0.6,10.1,28.8,2,80,0,74
12/8/2020,74,0.6,6.9,29.6,3,74,0,70
12/9/2020,70,0.6,3.2,29.4,2,73,0,79
12/10/2020,79,0.6,4.1,29.8,2,70,0,81
12/11/2020,81,0.6,10.3,29.9,3,78,0,80
12/12/2020,80,6.5,4.8,28.2,3,77,0,107
12/13/2020,107,1,3.5,26.9,3,91,0,104
12/14/2020,104,0.2,1.3,28.1,4,79,0,115
12/15/2020,115,0,3.7,28,4,77,0,112
12/16/2020,112,0.7,2.4,28.1,4,77,0,103
12/17/2020,103,5.8,2.7,27,4,85,0,99
12/18/2020,99,0.5,1.2,27.6,5,81,0,88
12/19/2020,88,0.2,3.6,28.2,4,78,0,89.467711
12/20/2020,89.467711,0,5.4,27.2,4,82,0,81
12/21/2020,81,4.3,3.1,27.5,4,79,0,74
12/22/2020,74,0.2,1,28.3,3,79,0,71
12/23/2020,71,0,3.7,28.9,3,73,0,84
12/24/2020,84,0.6,7.7,28.1,4,78,0,81
12/25/2020,81,0.1,5.3,29.1,4,72,0,92
12/26/2020,92,0,6.6,28.4,4,77,0,94
12/27/2020,94,0.6,5.9,29.1,4,74,0,89.467711
12/28/2020,89.467711,0,7.7,28.7,3,78,0,67
12/29/2020,67,0,6.8,28.3,4,77,0,87
12/30/2020,87,0.6,2.9,27.8,4,80,0,0
,,,,,,,,
